,Star_name,Distance,Mass,Radius,Luminosity,pl_hostname,pl_letter,pl_name,pl_discmethod,pl_controvflag,pl_pnum,pl_orbper,pl_orbpererr1,pl_orbpererr2,pl_orbperlim,pl_orbsmax,pl_orbsmaxerr1,pl_orbsmaxerr2,pl_orbsmaxlim,pl_orbeccen,pl_orbeccenerr1,pl_orbeccenerr2,pl_orbeccenlim,pl_orbincl,pl_orbinclerr1,pl_orbinclerr2,pl_orbincllim,pl_bmassj,pl_bmassjerr1,pl_bmassjerr2,pl_bmassjlim,pl_bmassprov,pl_radj,pl_radjerr1,pl_radjerr2,pl_radjlim,pl_dens,pl_denserr1,pl_denserr2,pl_denslim,pl_ttvflag,pl_kepflag,pl_k2flag,pl_nnotes,ra_str,ra,dec_str,dec,st_dist,st_disterr1,st_disterr2,st_distlim,gaia_dist,gaia_disterr1,gaia_disterr2,gaia_distlim,st_optmag,st_optmagerr,st_optmaglim,st_optband,gaia_gmag,gaia_gmagerr,gaia_gmaglim,st_teff,st_tefferr1,st_tefferr2,st_tefflim,st_mass,st_masserr1,st_masserr2,st_masslim,st_rad,st_raderr1,st_raderr2,st_radlim,rowupdate,pl_facility
0,Sun,0.000015813,1,1,1,11 Com,b,11 com b,Radial Velocity,0,1,326.03000000,0.32000000,-0.32000000,0,1.290000,0.050000,-0.050000,0,0.231000,0.005000,-0.005000,0,,,,,19.40000,1.50000,-1.50000,0,Msini,,,,,,,,,0,0,0,0,12h20m43.03s,185.179276,+17d47m34.3s,17.792868,93.37,1.92,-1.92,0,93.37,1.92,-1.92,0,4.740,,0,V (Johnson),4.372,,0,4742.00,100.00,-100.00,0,2.70,0.30,-0.30,0,19.00,2.00,-2.00,0,2014-05-14,Xinglong Station
1,Sirius,0008.6,2.1,1.71,25.4,11 UMi,b,11 umi b,Radial Velocity,0,1,516.21997000,3.20000000,-3.20000000,0,1.530000,0.070000,-0.070000,0,0.080000,0.030000,-0.030000,0,,,,,14.74000,2.50000,-2.50000,0,Msini,,,,,,,,,0,0,0,0,15h17m05.89s,229.274536,+71d49m26.0s,71.823898,125.72,1.97,-1.97,0,125.72,1.97,-1.97,0,5.016,0.009,0,V (Johnson),4.500,,0,4213.00,46.00,-46.00,0,2.78,0.69,-0.69,0,29.79,2.84,-2.84,0,2018-09-06,Thueringer Landessternwarte Tautenburg
2,Canopus,0310,15,71,"13,500",14 And,b,14 and b,Radial Velocity,0,1,185.84000000,0.23000000,-0.23000000,0,0.830000,,,0,0.000000,,,0,,,,,4.80000,,,0,Msini,,,,,,,,,0,0,0,0,23h31m17.42s,352.822571,+39d14m10.3s,39.236198,75.59,0.71,-0.71,0,75.59,0.71,-0.71,0,5.227,0.009,0,V (Johnson),4.872,,0,4813.00,20.00,-20.00,0,2.20,0.10,-0.20,0,11.00,1.00,-1.00,0,2014-05-14,Okayama Astrophysical Observatory
3,Alpha Centauri,0004.4,1.1,1.2,2,14 Her,b,14 her b,Radial Velocity,0,1,1773.40002000,2.50000000,-2.50000000,0,2.930000,0.080000,-0.080000,0,0.370000,0.000000,0.000000,0,,,,,4.66000,0.15000,-0.15000,0,Msini,,,,,,,,,0,0,0,0,16h10m24.31s,242.601303,+43d49m03.5s,43.817646,17.94,0.01,-0.01,0,17.94,0.01,-0.01,0,6.610,0.020,0,V (Johnson),6.379,,0,5338.00,25.00,-25.00,0,0.90,0.04,-0.04,0,0.93,0.01,-0.01,0,2018-09-06,W. M. Keck Observatory
4,Arcturus,0037,1.1,26,170,16 Cyg B,b,16 cyg b b,Radial Velocity,0,1,798.50000000,1.00000000,-1.00000000,0,1.660000,0.030000,-0.030000,0,0.680000,0.020000,-0.020000,0,,,,,1.78000,0.08000,-0.08000,0,Msini,,,,,,,,,0,0,0,0,19h41m51.97s,295.466553,+50d31m03.1s,50.517525,21.15,0.01,-0.01,0,21.15,0.01,-0.01,0,6.250,,0,V (Johnson),6.057,,0,5750.00,8.00,-8.00,0,1.08,0.04,-0.04,0,1.13,0.01,-0.01,0,2018-09-06,Multiple Observatories
5,Vega,0025,2.2,2.7,50,18 Del,b,18 del b,Radial Velocity,0,1,993.30000000,3.20000000,-3.20000000,0,2.600000,,,0,0.080000,0.010000,-0.010000,0,,,,,10.30000,,,0,Msini,,,,,,,,,0,0,0,0,20h58m25.94s,314.608063,+10d50m21.4s,10.839286,76.38,0.62,-0.62,0,76.38,0.62,-0.62,0,5.506,0.009,0,V (Johnson),5.244,,0,4979.00,18.00,-18.00,0,2.30,,,0,8.50,,,0,2014-05-14,Okayama Astrophysical Observatory
6,Capella,0043,2.6,12,150,1RXS J160929.1-210524,b,1rxs j160929.1-210524 b,Imaging,0,1,,,,,330.000000,,,0,,,,,,,,,8.00000,1.00000,-1.00000,0,Mass,,,,,,,,,0,0,0,0,16h09m30.30s,242.376268,-21d04m58.9s,-21.083036,145.00,14.00,-14.00,0,139.67,1.32,-1.32,0,,,,,12.057,,0,4060.00,300.00,-200.00,0,0.85,0.20,-0.10,0,,,,,2015-04-01,Gemini Observatory
7,Rigel,0860,23,78.9,"120,000",24 Boo,b,24 boo b,Radial Velocity,0,1,30.35060000,0.00780000,-0.00770000,0,0.190000,0.012000,-0.009000,0,0.042000,0.048000,-0.029000,0,,,,,0.91000,0.13000,-0.10000,0,Msini,,,,,,,,,0,0,0,0,14h28m37.81s,217.157547,+49d50m41.5s,49.844852,96.25,0.64,-0.64,0,96.25,0.64,-0.64,0,5.580,,0,V (Johnson),5.305,,0,4893.00,15.00,-15.00,0,0.99,0.19,-0.13,0,10.64,0.84,-0.59,0,2018-04-26,Okayama Astrophysical Observatory
8,Procyon,0011.4,1.5,1.9,7.7,24 Sex,b,24 sex b,Radial Velocity,0,2,452.80000000,2.10000000,-4.50000000,0,1.333000,0.004000,-0.009000,0,0.090000,0.140000,-0.060000,0,,,,,1.99000,0.26000,-0.38000,0,Msini,,,,,,,,,0,0,0,0,10h23m28.37s,155.868210,-00d54m08.1s,-0.902244,72.21,0.68,-0.68,0,72.21,0.68,-0.68,0,6.441,0.010,0,V (Johnson),6.198,,0,5098.00,44.00,-44.00,0,1.54,0.08,-0.08,0,4.90,0.08,-0.08,0,2014-05-14,Lick Observatory
9,Betelgeuse,0640[1],20,950,"60,000",24 Sex,c,24 sex c,Radial Velocity,0,2,883.00000000,32.40000000,-13.80000000,0,2.080000,0.050000,-0.020000,0,0.290000,0.160000,-0.090000,0,,,,,0.86000,0.35000,-0.22000,0,Msini,,,,,,,,,0,0,0,0,10h23m28.37s,155.868210,-00d54m08.1s,-0.902244,72.21,0.68,-0.68,0,72.21,0.68,-0.68,0,6.441,0.010,0,V (Johnson),6.198,,0,5098.00,44.00,-44.00,0,1.54,0.08,-0.08,0,4.90,0.08,-0.08,0,2014-05-14,Lick Observatory
10,Achernar,0144,6.7,9.3,"3,000",2MASS J01033563-5515561 A,b,2mass j01033563-5515561 ab b,Imaging,0,1,,,,0,84.000000,,,0,,,,0,,,,0,13.00000,1.00000,-1.00000,0,Mass,,,,0,,,,0,0,0,0,0,01h03m35.63s,15.898458,-55d15m56.1s,-55.265583,47.20,3.10,-3.10,0,,,,,,,,,,,,,,,0,0.19,0.02,-0.02,0,,,,0,2020-09-03,Paranal Observatory
11,Hadar,0390,10.5,8.6,"42,000",2MASS J01225093-2439505,b,2mass j01225093-2439505 b,Imaging,0,1,,,,,52.000000,6.000000,-6.000000,0,,,,,,,,,24.50000,2.50000,-2.50000,0,Mass,,,,,,,,,0,0,0,0,01h22m50.94s,20.712243,-24d39m50.6s,-24.664049,36.00,4.00,-4.00,0,33.86,0.09,-0.09,0,14.240,0.070,0,V (Johnson),12.903,,0,3530.00,50.00,-50.00,0,0.40,0.05,-0.05,0,,,,,2014-05-14,W. M. Keck Observatory
12,Altair,0017,1.8,1.8,10.5,2MASS J02192210-3925225,b,2mass j02192210-3925225 b,Imaging,0,1,,,,,156.000000,10.000000,-10.000000,0,,,,,,,,,13.90000,1.10000,-1.10000,0,Mass,1.440,0.030,-0.030,0,,,,,0,0,0,0,02h19m22.11s,34.842106,-39d25m22.5s,-39.422928,39.40,2.60,-2.60,0,40.09,0.19,-0.19,0,,,,,15.012,,0,3064.00,76.00,-76.00,0,0.11,0.01,-0.01,0,0.28,0.01,-0.01,0,2015-05-14,Cerro Tololo Inter-American Observatory
13,Acrux,0320,18,8.9,"25,000",2MASS J04414489+2301513,b,2mass j04414489+2301513 b,Imaging,0,1,,,,,15.000000,,,0,,,,,,,,,7.50000,2.50000,-2.50000,0,Mass,,,,,,,,,0,0,0,0,04h41m44.90s,70.437073,+23d01m51.4s,23.030941,140.00,,,0,120.42,5.48,-5.48,0,,,,,18.967,,0,,,,,0.02,,,0,,,,,2014-05-14,Hubble Space Telescope
14,Aldebaran,0065,1.5,44,520,2MASS J12073346-3932539,b,2mass j12073346-3932539 b,Imaging,0,1,,,,,46.000000,5.000000,-5.000000,0,,,,,,,,,4.00000,1.00000,-1.00000,0,Mass,,,,,,,,,0,0,0,0,12h07m33.47s,181.889447,-39d32m54.0s,-39.548332,64.42,0.65,-0.65,0,64.42,0.65,-0.65,0,20.150,0.190,0,V (Johnson),17.408,,0,,,,,0.02,,,0,,,,,2014-05-14,Paranal Observatory
15,Antares,0600,12,680,"75,000",2MASS J19383260+4603591,b,2mass j19383260+4603591 b,Eclipse Timing Variations,0,1,416.00000000,2.00000000,-2.00000000,0,0.920000,0.020000,-0.020000,0,,,,,,,,,1.90000,0.10000,-0.10000,0,Mass,,,,,,,,,0,1,0,0,19h38m32.61s,294.635865,+46d03m59.1s,46.066418,400.77,6.48,-6.48,0,400.77,6.48,-6.48,0,12.264,,0,Kepler-band,12.138,,0,,,,,0.48,0.03,-0.03,0,,,,,2015-06-04,Kepler
16,Spica,0260,11.43,7.47,"20,512",2MASS J21402931+1625183 A,b,2mass j21402931+1625183 a b,Imaging,0,1,7336.50000000,1934.50000000,-584.00000000,0,,,,,0.260000,0.060000,-0.060000,0,46.200,2.500,-8.700,0,20.95000,83.79000,-20.95000,0,Mass,0.920,0.390,-0.360,0,,,,,0,0,0,0,21h40m29.32s,325.122159,+16d25m18.3s,16.421759,25.00,10.00,-10.00,0,33.12,0.48,-0.48,0,,,,,17.396,,0,2300.00,80.00,-80.00,0,0.08,0.06,-0.06,0,0.12,0.05,-0.04,0,2014-05-14,W. M. Keck Observatory
17,Pollux,0034,1.9,8.8,43,2MASS J22362452+4751425,b,2mass j22362452+4751425 b,Imaging,0,1,,,,,230.000000,20.000000,-20.000000,0,,,,,,,,,12.50000,1.50000,-1.50000,0,Mass,,,,,,,,,0,0,0,1,22h36m24.53s,339.102203,+47d51m42.6s,47.861820,74.00,10.00,-10.00,0,69.71,0.16,-0.16,0,12.510,0.030,0,V (Johnson),11.948,,0,4045.00,35.00,-35.00,0,0.60,0.05,-0.05,0,,,,,2016-11-10,W. M. Keck Observatory
18,Fomalhaut,0025,1.9,1.8,16.6,30 Ari B,b,30 ari b b,Radial Velocity,0,1,335.10001000,2.50000000,-2.50000000,0,0.990000,0.020000,-0.020000,0,0.290000,0.090000,-0.090000,0,,,,,13.82000,1.80000,-1.80000,0,Msini,,,,,,,,,0,0,0,0,02h36m57.74s,39.240585,+24d38m53.0s,24.648064,44.71,0.10,-0.10,0,44.71,0.10,-0.10,0,6.962,0.011,0,V (Johnson),6.961,,0,6331.00,61.00,-61.00,0,1.93,0.27,-0.27,0,1.41,0.05,-0.05,0,2018-09-06,Thueringer Landessternwarte Tautenburg
19,Deneb,"2,600",19,203,"200,000",4 UMa,b,4 uma b,Radial Velocity,0,1,269.30000000,1.96000000,-1.96000000,0,0.870000,0.040000,-0.040000,0,0.432000,0.024000,-0.024000,0,,,,,7.10000,1.60000,-1.60000,0,Msini,,,,,,,,,0,0,0,0,08h40m12.82s,130.053406,+64d19m40.6s,64.327934,73.58,1.18,-1.18,0,73.58,1.18,-1.18,0,4.610,,0,V (Johnson),4.160,,0,4415.00,70.00,-70.00,0,1.23,0.15,-0.15,0,18.11,1.47,-1.47,0,2014-05-14,Thueringer Landessternwarte Tautenburg
20,Mimosa,0350,16,8.4,"34,000",42 Dra,b,42 dra b,Radial Velocity,0,1,479.10000000,6.20000000,-6.20000000,0,1.190000,0.010000,-0.010000,0,0.380000,0.060000,-0.060000,0,,,,,3.88000,0.85000,-0.85000,0,Msini,,,,,,,,,0,0,0,0,18h25m59.14s,276.496399,+65d33m48.5s,65.563484,90.86,1.32,-1.32,0,90.86,1.32,-1.32,0,4.820,,0,V (Johnson),4.364,,0,4200.00,70.00,-70.00,0,0.98,0.05,-0.05,0,22.03,1.00,-1.00,0,2014-05-14,Thueringer Landessternwarte Tautenburg
21,Regulus,0077,3.8,3.1,290,47 UMa,b,47 uma b,Radial Velocity,0,3,1078.00000000,2.00000000,-2.00000000,0,2.100000,0.020000,-0.020000,0,0.032000,0.014000,-0.014000,0,,,,,2.53000,0.07000,-0.06000,0,Msini,,,,,,,,,0,0,0,0,10h59m27.97s,164.866562,+40d25m48.9s,40.430256,13.80,0.03,-0.03,0,13.80,0.03,-0.03,0,5.050,,0,V (Johnson),4.831,,0,5892.00,70.00,-70.00,0,1.03,0.05,-0.05,0,1.23,,,0,2014-05-14,Lick Observatory
22,Adhara,0430,12.5,14,"39,000",47 UMa,c,47 uma c,Radial Velocity,0,3,2391.00000000,100.00000000,-87.00000000,0,3.600000,0.100000,-0.100000,0,0.098000,0.047000,-0.096000,0,,,,,0.54000,0.06600,-0.07300,0,Msini,,,,,,,,,0,0,0,0,10h59m27.97s,164.866562,+40d25m48.9s,40.430256,13.80,0.03,-0.03,0,13.80,0.03,-0.03,0,5.050,,0,V (Johnson),4.831,,0,5892.00,70.00,-70.00,0,1.03,0.05,-0.05,0,1.23,,,0,2014-05-14,Lick Observatory
23,Shaula,0700,14.5,8.8,"36,000",47 UMa,d,47 uma d,Radial Velocity,0,3,14002.00000000,4018.00000000,-5095.00000000,0,11.600000,2.100000,-2.900000,0,0.160000,0.090000,-0.160000,0,,,,,1.64000,0.29000,-0.48000,0,Msini,,,,,,,,,0,0,0,0,10h59m27.97s,164.866562,+40d25m48.9s,40.430256,13.80,0.03,-0.03,0,13.80,0.03,-0.03,0,5.050,,0,V (Johnson),4.831,,0,5892.00,70.00,-70.00,0,1.03,0.05,-0.05,0,1.23,,,0,2014-05-14,Lick Observatory
24,Castor,0052,2.8,2.4,30,51 Eri,b,51 eri b,Imaging,0,1,11688.00000000,6209.25000000,-3287.25000000,0,12.000000,4.000000,-2.000000,0,0.450000,0.100000,-0.150000,0,133.000,14.000,-7.000,0,,,,,,,,,,,,,,0,0,0,1,04h37m36.13s,69.400551,-02d28m24.8s,-2.473548,29.40,0.30,-0.30,0,29.78,0.12,-0.12,0,5.230,,0,V (Johnson),5.122,,0,,,,,1.75,0.05,-0.05,0,,,,,2019-07-11,Gemini Observatory
25,Gacrux,0088,1.5,84,820,51 Peg,b,51 peg b,Radial Velocity,0,1,4.23078500,0.00003600,-0.00003600,0,0.052700,0.003000,-0.003000,0,0.013000,0.012000,-0.012000,0,,,,,0.47200,0.03900,-0.03900,0,Msini,,,,,,,,,0,0,0,0,22h57m27.98s,344.366577,+20d46m07.8s,20.768833,15.47,0.03,-0.03,0,15.47,0.03,-0.03,0,5.500,,0,V (Johnson),5.256,,0,5793.00,70.00,-70.00,0,1.12,0.06,-0.06,0,1.20,,,0,2014-05-14,Haute-Provence Observatory
26,Bellatrix,0240,8.6,5.8,"9,200",55 Cnc,b,55 cnc b,Radial Velocity,0,5,14.65152000,0.00015000,-0.00015000,0,0.115227,0.000001,-0.000001,0,0.003400,0.003200,-0.003200,0,90.000,,,0,0.83060,0.00330,-0.00330,0,Mass,,,,,,,,,0,0,0,0,08h52m35.81s,133.149216,+28d19m50.9s,28.330818,12.59,0.01,-0.01,0,12.59,0.01,-0.01,0,5.960,0.010,0,V (Johnson),5.714,,0,5196.00,24.00,-24.00,0,0.91,0.01,-0.01,0,0.94,0.01,-0.01,0,2014-10-29,Lick Observatory
27,Elnath,0130,5.0,4.2,700,55 Cnc,c,55 cnc c,Radial Velocity,0,5,44.41750000,0.00730000,-0.00730000,0,0.241376,0.000026,-0.000026,0,0.020000,0.031000,-0.031000,0,90.000,,,0,0.17140,0.00550,-0.00550,0,Mass,,,,,,,,,0,0,0,0,08h52m35.81s,133.149216,+28d19m50.9s,28.330818,12.59,0.01,-0.01,0,12.59,0.01,-0.01,0,5.960,0.010,0,V (Johnson),5.714,,0,5196.00,24.00,-24.00,0,0.91,0.01,-0.01,0,0.94,0.01,-0.01,0,2014-10-29,McDonald Observatory
28,Miaplacidus,0110,3.5,6.8,290,55 Cnc,d,55 cnc d,Radial Velocity,0,5,4825.00000000,39.00000000,-39.00000000,0,5.503000,0.030000,-0.030000,0,0.019000,0.013000,-0.013000,0,90.000,,,0,3.87800,0.06800,-0.06800,0,Mass,,,,,,,,,0,0,0,0,08h52m35.81s,133.149216,+28d19m50.9s,28.330818,12.59,0.01,-0.01,0,12.59,0.01,-0.01,0,5.960,0.010,0,V (Johnson),5.714,,0,5196.00,24.00,-24.00,0,0.91,0.01,-0.01,0,0.94,0.01,-0.01,0,2014-10-29,Lick Observatory
29,Alnilam,"2,000",32,42,"380,000",55 Cnc,e,55 cnc e,Radial Velocity,0,5,0.73653900,0.00000700,-0.00000700,0,0.015440,0.000090,-0.000090,0,,,,,83.300,0.900,-0.800,0,0.02542,0.00098,-0.00098,0,Mass,0.170,0.007,-0.007,0,6.40000,0.80000,-0.70000,0,0,0,0,2,08h52m35.81s,133.149216,+28d19m50.9s,28.330818,12.59,0.01,-0.01,0,12.59,0.01,-0.01,0,5.960,0.010,0,V (Johnson),5.714,,0,5196.00,24.00,-24.00,0,0.91,0.01,-0.01,0,0.94,0.01,-0.01,0,2019-01-31,McDonald Observatory
30,Gamma Velorum,"01,100",9.0,6,"170,000",55 Cnc,f,55 cnc f,Radial Velocity,0,5,262.00000000,0.51000000,-0.51000000,0,0.788000,0.001000,-0.001000,0,0.305000,0.075000,-0.075000,0,90.000,,,0,0.14100,0.01200,-0.01200,0,Mass,,,,,,,,,0,0,0,0,08h52m35.81s,133.149216,+28d19m50.9s,28.330818,12.59,0.01,-0.01,0,12.59,0.01,-0.01,0,5.960,0.010,0,V (Johnson),5.714,,0,5196.00,24.00,-24.00,0,0.91,0.01,-0.01,0,0.94,0.01,-0.01,0,2014-10-29,Multiple Observatories
31,Alnair,0101,4.0,3.4,260,6 Lyn,b,6 lyn b,Radial Velocity,0,1,934.30000000,8.60000000,-8.60000000,0,2.110000,0.110000,-0.110000,0,0.073000,0.036000,-0.036000,0,,,,,2.01000,0.07700,-0.07700,0,Msini,,,,,,,,,0,0,0,0,06h30m47.11s,97.696281,+58d09m45.5s,58.162632,54.74,0.27,-0.27,0,54.74,0.27,-0.27,0,5.860,,0,V (Johnson),5.588,,0,4938.00,,,0,1.44,,,0,5.20,,,0,2018-12-06,Okayama Astrophysical Observatory
32,Alioth,0081,2.9,4.2,110,61 Vir,b,61 vir b,Radial Velocity,0,3,4.21500000,0.00060000,-0.00060000,0,0.050201,0.000005,-0.000005,0,0.120000,0.110000,-0.110000,0,,,,,0.01600,0.00200,-0.00200,0,Msini,,,,,,,,,0,0,0,0,13h18m24.32s,199.601318,-18d18m40.3s,-18.311195,8.51,0.02,-0.02,0,8.51,0.02,-0.02,0,4.740,,0,V (Johnson),4.477,,0,5577.00,33.00,-33.00,0,0.94,0.03,-0.03,0,0.96,0.01,-0.01,0,2014-05-14,Multiple Observatories
33,Alnitak,01050,33,20,"120,000",61 Vir,c,61 vir c,Radial Velocity,0,3,38.02100000,0.03400000,-0.03400000,0,0.217500,0.000100,-0.000100,0,0.140000,0.060000,-0.060000,0,,,,,0.05700,0.00300,-0.00300,0,Msini,,,,,,,,,0,0,0,0,13h18m24.32s,199.601318,-18d18m40.3s,-18.311195,8.51,0.02,-0.02,0,8.51,0.02,-0.02,0,4.740,,0,V (Johnson),4.477,,0,5577.00,33.00,-33.00,0,0.94,0.03,-0.03,0,0.96,0.01,-0.01,0,2014-05-14,Multiple Observatories
34,Dubhe,0120,4.25,30,300,61 Vir,d,61 vir d,Radial Velocity,0,3,123.01000000,0.55000000,-0.55000000,0,0.476000,0.001000,-0.001000,0,0.350000,0.090000,-0.090000,0,,,,,0.07200,0.00800,-0.00800,0,Msini,,,,,,,,,0,0,0,0,13h18m24.32s,199.601318,-18d18m40.3s,-18.311195,8.51,0.02,-0.02,0,8.51,0.02,-0.02,0,4.740,,0,V (Johnson),4.477,,0,5577.00,33.00,-33.00,0,0.94,0.03,-0.03,0,0.96,0.01,-0.01,0,2014-05-14,Multiple Observatories
35,Mirfak,0590,8.5,68,"5,000",7 CMa,b,7 cma b,Radial Velocity,0,2,735.10000000,14.80000000,-1.00000000,0,1.758000,0.024000,-0.001000,0,0.060000,0.030000,-0.030000,0,90.000,,,0,1.85000,0.06000,-0.06000,0,Msin(i)/sin(i),,,,,,,,,0,0,0,0,06h36m41.04s,99.170990,-19d15m21.2s,-19.255878,19.82,0.16,-0.16,0,19.82,0.16,-0.16,0,3.920,,0,V (Johnson),3.578,,0,4826.00,45.00,-55.00,0,1.34,0.11,-0.12,0,4.87,0.17,-0.14,0,2019-10-24,Anglo-Australian Telescope
36,Wezen,"1,600",17,200,"82,000",7 CMa,c,7 cma c,Radial Velocity,0,2,996.00000000,1.50000000,-52.40000000,0,2.153000,0.003000,-0.080000,0,0.080000,0.050000,-0.040000,0,90.000,,,0,0.87000,0.06000,-0.06000,0,Msin(i)/sin(i),,,,,,,,,0,0,0,0,06h36m41.04s,99.170990,-19d15m21.2s,-19.255878,19.82,0.16,-0.16,0,19.82,0.16,-0.16,0,3.920,,0,V (Johnson),3.578,,0,4826.00,45.00,-55.00,0,1.34,0.11,-0.12,0,4.87,0.17,-0.14,0,2019-10-24,Multiple Observatories
37,Sargas,0270,5.7,26,"1,800",70 Vir,b,70 vir b,Radial Velocity,0,1,116.68800000,0.00540000,-0.00540000,0,0.481000,0.022000,-0.022000,0,0.398800,0.001900,-0.001900,0,,,,,7.41600,0.05700,-0.05700,0,Msini,,,,,,,,,0,0,0,0,13h28m25.81s,202.107544,+13d46m43.6s,13.778788,17.91,0.06,-0.06,0,17.91,0.06,-0.06,0,4.970,,0,V (Johnson),4.709,,0,5495.00,,,0,1.09,,,0,1.89,,,0,2018-12-06,Lick Observatory
38,Kaus Australis,0140,3.5,6.8,360,75 Cet,b,75 cet b,Radial Velocity,0,1,691.90000000,3.60000000,-3.60000000,0,2.100000,,,0,0.117000,0.048000,-0.048000,0,,,,,3.00000,,,0,Msini,,,,,,,,,0,0,0,0,02h32m09.42s,38.039253,-01d02m05.6s,-1.034896,83.15,0.72,-0.72,0,83.15,0.72,-0.72,0,5.350,,0,V (Johnson),5.055,,0,4846.00,18.00,-18.00,0,2.49,0.02,-0.27,0,10.50,1.00,-1.00,0,2015-09-03,Okayama Astrophysical Observatory
39,Avior,0630,9.0,130,"60,000",8 UMi,b,8 umi b,Radial Velocity,0,1,93.40000000,4.50000000,-4.50000000,0,0.490000,0.020000,-0.020000,0,0.060000,0.090000,-0.090000,0,,,,,1.31000,0.16000,-0.16000,0,Msini,,,,,,,,,0,0,0,0,14h56m48.35s,224.201477,+74d54m03.3s,74.900925,163.32,0.65,-0.65,0,163.32,0.65,-0.65,0,6.830,,0,V (Johnson),6.559,,0,4847.00,7.00,-7.00,0,1.44,0.19,-0.19,0,10.30,0.57,-0.57,0,2018-09-06,Bohyunsan Optical Astronomical Observatory
40,Alkaid,0104,6.1,3.4,"1,350",81 Cet,b,81 cet b,Radial Velocity,0,1,952.70000000,8.80000000,-8.80000000,0,2.500000,,,0,0.206000,0.029000,-0.029000,0,,,,,5.30000,,,0,Msini,,,,,,,,,0,0,0,0,02h37m41.80s,39.424168,-03d23m46.2s,-3.396175,101.53,1.22,-1.22,0,101.53,1.22,-1.22,0,5.650,,0,V (Johnson),5.349,,0,4785.00,25.00,-25.00,0,2.40,0.10,-0.40,0,11.00,2.00,-1.00,0,2014-05-14,Okayama Astrophysical Observatory
41,Menkalinan,081,2.39,2.77,50,91 Aqr,b,91 aqr b,Radial Velocity,0,1,181.40000000,0.10000000,-0.10000000,0,0.700000,,,0,0.027000,0.026000,-0.026000,0,,,,,3.20000,,,0,Msini,,,,,,,,,0,0,0,0,23h15m53.50s,348.972900,-09d05m15.9s,-9.087737,44.08,0.51,-0.51,0,44.08,0.51,-0.51,0,4.250,,0,V (Johnson),3.863,,0,4665.00,18.00,-18.00,0,1.40,0.10,-0.10,0,11.00,0.10,-0.10,0,2014-05-14,Lick Observatory
42,Atria,0390,7,92,"5,500",AB Pic,b,ab pic b,Imaging,0,1,,,,,260.000000,,,0,,,,,,,,,13.50000,0.50000,-0.50000,0,Mass,,,,,,,,,0,0,0,0,06h19m12.91s,94.803802,-58d03m15.5s,-58.054310,50.12,0.07,-0.07,0,50.12,0.07,-0.07,0,9.128,0.019,0,V (Johnson),8.838,,0,,,,,,,,,,,,,2014-05-14,Paranal Observatory
43,Alhena,0109,2.8,3.3,120,alf Ari,b,alf ari b,Radial Velocity,0,1,380.80000000,0.30000000,-0.30000000,0,1.200000,,,0,0.250000,0.030000,-0.030000,0,,,,,1.80000,0.20000,-0.20000,0,Msini,,,,,,,,,0,0,0,0,02h07m10.41s,31.793364,+23d27m44.7s,23.462423,20.21,0.40,-0.41,0,,,,,2.000,,0,V (Johnson),,,,4553.00,15.00,,0,1.50,0.20,,0,13.90,0.30,,0,2019-01-31,Bohyunsan Optical Astronomical Observatory
44,Peacock,0180,5.9,4.8,"2,200",alf Tau,b,alf tau b,Radial Velocity,0,1,628.96000000,0.90000000,-0.90000000,0,1.460000,0.270000,-0.270000,0,0.100000,0.050000,-0.050000,0,,,,,6.47000,0.53000,-0.53000,0,Msini,,,,,,,,,0,0,0,0,04h35m55.24s,68.980164,+16d30m33.5s,16.509302,20.43,0.32,-0.32,0,,,,,0.850,,0,V (Johnson),,,,4055.00,70.00,-70.00,0,1.13,0.11,-0.11,0,45.10,0.10,-0.10,0,2015-06-04,Multiple Observatories
45,Alsephina[2],0080,2.4,2.9,90,AU Mic,b,au mic b,Transit,0,1,8.46321000,0.00004000,-0.00004000,0,0.066000,0.007000,-0.006000,0,0.100000,0.170000,-0.090000,0,,,,0,0.18000,,,1,Msini,0.375,0.018,-0.018,0,4.40000,,,1,0,0,0,0,20h45m09.53s,311.289703,-31d20m27.2s,-31.340899,9.79,0.04,-0.04,0,9.72,0.00,0.00,0,8.810,,0,V (Johnson),7.840,,0,3700.00,100.00,-100.00,0,0.50,0.03,-0.03,0,0.75,0.03,-0.03,0,2020-06-24,Transiting Exoplanet Survey Satellite (TESS)
46,Mirzam,0500,13.5,10,"27,000",BD+03 2562,b,bd+03 2562 b,Radial Velocity,0,1,481.90000000,2.70000000,-2.80000000,0,1.300000,0.100000,-0.100000,0,0.200000,0.120000,-0.080000,0,,,,,6.40000,1.30000,-1.30000,0,Msini,,,,,,,,,0,0,0,0,11h50m15.55s,177.564804,+02d45m36.5s,2.760142,2618.00,564.00,-564.00,0,1106.93,66.80,-66.80,0,9.580,0.010,0,V (Johnson),8.998,,0,4095.00,20.00,-20.00,0,1.14,0.25,-0.25,0,32.35,8.82,-8.82,0,2017-06-15,Multiple Observatories
47,Polaris,0430,5.4,39,"2,500",BD+14 4559,b,bd+14 4559 b,Radial Velocity,0,1,268.94000000,0.99000000,-0.99000000,0,0.780000,0.050000,-0.050000,0,0.290000,0.030000,-0.030000,0,,,,,1.04000,0.47000,-0.47000,0,Msini,,,,,,,,,0,0,0,0,21h13m35.99s,318.399963,+14d41m21.8s,14.689387,49.42,0.08,-0.08,0,49.42,0.08,-0.08,0,9.630,0.012,0,V (Johnson),9.351,,0,4864.00,101.00,-101.00,0,0.49,0.33,-0.33,0,0.86,0.04,-0.04,0,2018-09-06,McDonald Observatory
48,Alphard,0180,3.0,50,780,BD+15 2375,b,bd+15 2375 b,Radial Velocity,0,1,153.22000000,0.44000000,-0.44000000,0,0.576000,0.027000,-0.027000,0,0.001000,0.250000,-0.001000,0,,,,,1.06100,0.27000,-0.27000,0,Msini,,,,,,,,,0,0,0,0,11h45m55.72s,176.482174,+14d36m59.0s,14.616381,774.00,165.00,-165.00,0,785.38,45.98,-45.98,0,10.310,0.023,0,V (Johnson),9.992,,0,4649.00,30.00,-30.00,0,1.08,0.14,-0.14,0,8.95,1.45,-1.45,0,2016-02-04,Roque de los Muchachos Observatory
49,Mintaka,01200,24,16.5,"190,000",BD+15 2940,b,bd+15 2940 b,Radial Velocity,0,1,137.48000000,0.34000000,-0.34000000,0,0.539000,,,0,0.260000,0.100000,-0.100000,0,,,,,1.11000,,,0,Msini,,,,,,,,,0,0,0,0,16h00m22.94s,240.095566,+15d32m48.9s,15.546930,431.61,6.55,-6.55,0,431.61,6.55,-6.55,0,9.046,0.021,0,V (Johnson),8.718,,0,4796.00,117.00,-117.00,0,1.10,0.20,-0.20,0,14.70,2.80,-2.80,0,2014-05-14,McDonald Observatory
50,Scheat,0196,2.1,95,"1,500",BD+20 2457,b,bd+20 2457 b,Radial Velocity,0,2,379.63000000,2.00000000,-2.00000000,0,1.050000,0.070000,-0.070000,0,0.150000,0.030000,-0.030000,0,,,,,55.59000,78.55000,-78.55000,0,Msini,,,,,,,,,0,0,0,0,10h16m44.86s,154.186910,+19d53m29.1s,19.891409,1670.85,222.63,-222.63,0,1670.85,222.63,-222.63,0,9.750,,0,V (Johnson),9.227,,0,4259.00,64.00,-64.00,0,10.83,22.96,-22.96,0,71.02,73.63,-73.63,0,2018-09-06,McDonald Observatory
51,Almaaz,0653,15,140,"43,000",BD+20 2457,c,bd+20 2457 c,Radial Velocity,0,2,621.99000000,10.20000000,-10.20000000,0,2.010000,,,0,0.180000,0.060000,-0.060000,0,,,,,12.47000,,,0,Msini,,,,,,,,,0,0,0,0,10h16m44.86s,154.186910,+19d53m29.1s,19.891409,1670.85,222.63,-222.63,0,1670.85,222.63,-222.63,0,9.750,,0,V (Johnson),9.227,,0,4259.00,64.00,-64.00,0,10.83,22.96,-22.96,0,71.02,73.63,-73.63,0,2014-05-14,McDonald Observatory
52,Rasalgethi,0360,2.8,280,"8,300",BD+20 274,b,bd+20 274 b,Radial Velocity,0,1,578.20000000,5.40000000,-5.40000000,0,1.300000,,,0,0.210000,0.060000,-0.060000,0,,,,,4.20000,,,0,Msini,,,,,,,,,0,0,0,0,01h43m40.88s,25.920324,+21d00m19.1s,21.005314,1383.85,86.64,-86.64,0,1383.85,86.64,-86.64,0,9.360,,0,V (Johnson),8.916,,0,4296.00,10.00,-10.00,0,0.80,0.20,-0.20,0,17.30,0.90,-0.90,0,2015-09-18,McDonald Observatory
53,Tau Ceti,011.9,0.783,0.893,0.52,BD+20 594,b,bd+20 594 b,Transit,0,1,41.68550000,0.00300000,-0.00300000,0,,,,,0.000000,,,0,89.550,0.160,-0.160,0,0.07000,0.03000,-0.03000,0,Mass,0.230,0.010,-0.010,0,,,,,0,0,1,1,03h34m36.23s,53.650967,+20d35m57.2s,20.599232,180.39,1.25,-1.25,0,180.39,1.25,-1.25,0,11.038,0.047,0,V (Johnson),10.864,,0,5766.00,99.00,-99.00,0,1.67,0.40,-0.40,0,1.08,0.06,-0.06,0,2018-04-26,K2
54,Delta Pavonis,019.92,0.991,1.22,1.22,BD+48 738,b,bd+48 738 b,Radial Velocity,0,1,392.60000000,5.50000000,-5.50000000,0,1.000000,,,0,0.200000,0.100000,-0.100000,0,,,,,0.91000,,,0,Msini,,,,,,,,,0,0,0,0,02h42m50.45s,40.710224,+49d35m13.1s,49.586960,892.17,44.78,-44.78,0,892.17,44.78,-44.78,0,9.140,,0,V (Johnson),8.656,,0,4414.00,15.00,-15.00,0,0.74,0.39,-0.39,0,11.00,1.00,-1.00,0,2015-08-13,McDonald Observatory
55,Ran,010.48,0.82,0.74,0.34,BD+48 740,b,bd+48 740 b,Radial Velocity,0,1,733.00000000,5.00000000,-8.00000000,0,1.700000,0.100000,-0.100000,0,0.760000,0.050000,-0.090000,0,,,,,1.70000,0.70000,-0.70000,0,Msini,,,,,,,,,0,0,0,0,02h42m58.22s,40.742569,+48d55m48.2s,48.930061,678.94,22.15,-22.15,0,678.94,22.15,-22.15,0,8.699,0.015,0,V (Johnson),8.264,,0,4534.00,8.00,-8.00,0,1.09,0.16,-0.16,0,10.33,1.81,-1.81,0,2018-02-01,Multiple Observatories
56,V382 Carinae,"08,900",20,485,"212,000",BD+49 828,b,bd+49 828 b,Radial Velocity,0,1,2590.00000000,300.00000000,-180.00000000,0,4.200000,0.320000,-0.200000,0,0.350000,0.240000,-0.100000,0,,,,,1.60000,0.40000,-0.20000,0,Msini,,,,,,,,,0,0,0,0,03h02m33.73s,45.640529,+49d43m48.0s,49.730011,447.59,7.79,-7.79,0,447.59,7.79,-7.79,0,9.380,0.020,0,V (Johnson),9.029,,0,4943.00,30.00,-30.00,0,1.52,0.22,-0.22,0,7.60,1.30,-1.30,0,2015-02-05,McDonald Observatory
57,Eta Carinae,"07,500",100,60–881,"5,000,000",BD-06 1339,b,bd-06 1339 b,Radial Velocity,0,2,3.87280000,0.00040000,-0.00040000,0,0.042800,0.000700,-0.000700,0,0.000000,,,0,,,,,0.02700,0.00400,-0.00400,0,Msini,,,,,,,,,0,0,0,0,05h53m00.28s,88.251183,-05d59m41.4s,-5.994844,20.28,0.02,-0.02,0,20.28,0.02,-0.02,0,9.700,0.009,0,V (Johnson),9.107,,0,4324.00,100.00,-100.00,0,0.70,,,0,,,,,2014-05-14,La Silla Observatory
58,Delta Cephei,0887,4.5,44.5,"2,000",BD-06 1339,c,bd-06 1339 c,Radial Velocity,0,2,125.94000000,0.44000000,-0.44000000,0,0.435000,0.007000,-0.007000,0,0.310000,0.110000,-0.110000,0,,,,,0.17000,0.03000,-0.03000,0,Msini,,,,,,,,,0,0,0,0,05h53m00.28s,88.251183,-05d59m41.4s,-5.994844,20.28,0.02,-0.02,0,20.28,0.02,-0.02,0,9.700,0.009,0,V (Johnson),9.107,,0,4324.00,100.00,-100.00,0,0.70,,,0,,,,,2014-05-14,La Silla Observatory
59,Mu Cephei,"06,000",19.2,972,"135,000",BD-08 2823,b,bd-08 2823 b,Radial Velocity,0,2,5.60000000,0.02000000,-0.02000000,0,0.060000,0.000000,0.000000,0,0.150000,0.150000,-0.150000,0,,,,,0.04000,0.01000,-0.01000,0,Msini,,,,,,,,,0,0,0,0,10h00m47.72s,150.198837,-09d31m00.0s,-9.516680,41.38,0.07,-0.07,0,41.38,0.07,-0.07,0,9.880,0.043,0,V (Johnson),9.503,,0,4816.00,114.00,-114.00,0,0.50,0.26,-0.26,0,0.71,0.04,-0.04,0,2018-09-06,La Silla Observatory
60,Titawin,044.25,1.27,1.48,3.57,BD-08 2823,c,bd-08 2823 c,Radial Velocity,0,2,237.60000000,1.50000000,-1.50000000,0,0.680000,0.020000,-0.020000,0,0.190000,0.090000,-0.090000,0,,,,,0.33000,0.03000,-0.03000,0,Msini,,,,,,,,,0,0,0,0,10h00m47.72s,150.198837,-09d31m00.0s,-9.516680,41.38,0.07,-0.07,0,41.38,0.07,-0.07,0,9.880,0.043,0,V (Johnson),9.503,,0,4816.00,114.00,-114.00,0,0.50,0.26,-0.26,0,0.71,0.04,-0.04,0,2014-05-14,La Silla Observatory
61,Rho Cassiopeiae,"08,154",22,636-981,"347,000 - 530,000",BD-10 3166,b,bd-10 3166 b,Radial Velocity,0,1,3.48777000,0.00011000,-0.00011000,0,0.040000,0.000000,0.000000,0,0.020000,0.020000,-0.020000,0,,,,,0.59000,0.07000,-0.07000,0,Msini,,,,,,,,,0,0,0,0,10h58m28.80s,164.620003,-10d46m13.4s,-10.770376,84.61,0.35,-0.35,0,84.61,0.35,-0.35,0,10.080,,0,V (Johnson),9.840,,0,5393.00,44.00,-44.00,0,1.47,0.24,-0.24,0,0.91,0.04,-0.04,0,2018-09-06,W. M. Keck Observatory
62,P Cygni,"05,545",30,76,"610,000",BD-11 4672,b,bd-11 4672 b,Radial Velocity,0,2,1634.00000000,13.00000000,-14.00000000,0,2.360000,0.040000,-0.040000,0,0.050000,0.050000,-0.030000,0,,,,0,0.65000,0.05000,-0.06000,0,Msini,,,,0,,,,0,0,0,0,0,18h33m28.84s,278.370148,-11d38m09.7s,-11.636039,27.30,,,0,27.19,0.03,-0.03,0,9.990,,0,V (Johnson),9.485,,0,4550.00,110.00,-110.00,0,0.65,0.03,-0.03,0,0.64,0.02,-0.02,0,2020-07-23,La Silla Observatory
63,La Superba,"01,000",,129 - 342,"2,472 - 5,800",BD-11 4672,c,bd-11 4672 c,Radial Velocity,0,2,74.20000000,0.06000000,-0.08000000,0,0.300000,0.010000,-0.010000,0,0.400000,0.130000,-0.150000,0,,,,0,0.04836,0.00934,-0.00884,0,Msini,,,,0,,,,0,0,0,0,0,18h33m28.84s,278.370148,-11d38m09.7s,-11.636039,27.30,,,0,27.19,0.03,-0.03,0,9.990,,0,V (Johnson),9.485,,0,4550.00,110.00,-110.00,0,0.65,0.03,-0.03,0,0.64,0.02,-0.02,0,2020-07-23,Roque de los Muchachos Observatory
64,VV Cephei,"04,900",18.2,"516 - 1,050","200,000",BD-13 2130,b,bd-13 2130 b,Radial Velocity,0,1,714.29999000,5.30000000,-5.30000000,0,1.660000,0.120000,-0.120000,0,0.210000,0.070000,-0.070000,0,,,,,9.78000,4.56000,-4.56000,0,Msini,,,,,,,,,0,0,0,0,07h37m09.23s,114.288458,-13d54m23.9s,-13.906639,948.75,42.93,-42.93,0,948.75,42.93,-42.93,0,9.450,,0,V (Johnson),9.700,,0,4545.00,71.00,-71.00,0,2.12,1.47,-1.47,0,19.17,4.96,-4.96,0,2018-09-06,La Silla Observatory
65,61 Cygni,011.41,0.7,0.665,0.153,BD-17 63,b,bd-17 63 b,Radial Velocity,0,1,655.60000000,0.60000000,-0.60000000,0,1.340000,0.020000,-0.020000,0,0.540000,0.005000,-0.005000,0,,,,,5.10000,0.12000,-0.12000,0,Msini,,,,,,,,,0,0,0,0,00h28m34.31s,7.142942,-16d13m34.8s,-16.226345,34.49,0.09,-0.09,0,34.49,0.09,-0.09,0,9.566,0.024,0,V (Johnson),9.201,,0,4714.00,93.00,-93.00,0,0.74,0.03,-0.03,0,0.69,,,0,2014-05-14,La Silla Observatory
66,R Doradus,0178,0.7 - 1.0,298,"4,350",bet Cnc,b,bet cnc b,Radial Velocity,0,1,605.20000000,4.00000000,-4.00000000,0,1.700000,0.100000,-0.100000,0,0.080000,0.020000,-0.020000,0,,,,,7.80000,0.80000,-0.80000,0,Msini,,,,,,,,,0,0,0,0,08h16m30.92s,124.128838,+09d11m08.0s,9.185545,90.54,5.38,-5.38,0,90.54,5.38,-5.38,0,3.530,,0,V (Johnson),2.927,,0,4092.10,17.50,-17.50,0,1.70,0.10,-0.10,0,47.20,1.30,-1.30,0,2014-05-14,Bohyunsan Optical Astronomical Observatory
67,Polaris Australis,0281,1.59,3.74,38,bet Pic,b,bet pic b,Imaging,0,2,7665.00000000,7300.00000000,-730.00000000,0,9.100000,5.300000,-0.500000,0,0.080000,0.320000,-0.060000,0,88.900,0.700,-0.700,0,,,,,,,,,,,,,,0,0,0,2,05h47m17.09s,86.821198,-51d03m59.4s,-51.066513,19.75,0.13,-0.13,0,19.75,0.13,-0.13,0,3.850,,0,V (Johnson),3.725,,0,,,,,1.76,0.18,-0.17,0,,,,,2015-08-13,Paranal Observatory
68,R Coronae Borealis,"04,566",0.85,85,"10,000",bet Pic,c,bet pic c,Radial Velocity,0,2,1200.00000000,,,0,2.700000,,,0,0.240000,,,0,90.000,,,0,9.00000,,,0,Mass,,,,,,,,,0,0,0,0,05h47m17.09s,86.821198,-51d03m59.4s,-51.066513,19.75,0.13,-0.13,0,19.75,0.13,-0.13,0,3.850,,0,V (Johnson),3.725,,0,,,,,1.76,0.18,-0.17,0,,,,,2019-08-29,La Silla Observatory
69,54 Piscium,036.1,0.76,0.94,0.52,bet UMi,b,bet umi b,Radial Velocity,0,1,522.30000000,2.70000000,-2.70000000,0,1.400000,0.100000,-0.100000,0,0.190000,0.020000,-0.020000,0,,,,,6.10000,1.00000,-1.00000,0,Msini,,,,,,,,,0,0,0,0,14h50m42.33s,222.676361,+74d09m19.8s,74.155502,38.78,0.77,-0.80,0,,,,,2.080,,0,V (Johnson),,,,4126.00,25.00,-25.00,0,1.40,0.20,-0.20,0,38.30,1.10,-1.10,0,2014-05-14,Bohyunsan Optical Astronomical Observatory
70,Mira,0300,1.2,370,"9,000",CFBDSIR J145829+101343,b,cfbdsir j145829+101343 b,Imaging,0,1,10037.50000000,2737.50000000,-2737.50000000,0,2.600000,0.300000,-0.300000,0,,,,,,,,,10.50000,4.50000,-4.50000,0,Mass,,,,,,,,,0,0,0,1,14h58m29.00s,224.620833,+10d13m43.0s,10.228611,23.10,2.40,-2.40,0,,,,,,,,,,,,580.50,24.50,-24.50,0,0.02,0.01,-0.01,0,,,,,2014-05-14,W. M. Keck Observatory
71,RW Cephei,"014,000",13.9,"1,158","417,000",CHXR 73,b,chxr 73 b,Imaging,0,1,,,,,210.000000,,,0,,,,,,,,,12.56900,8.37900,-5.23700,0,Mass,,,,,,,,,0,0,0,0,11h06m28.77s,166.619893,-77d37m33.2s,-77.625877,191.05,6.42,-6.42,0,191.05,6.42,-6.42,0,,,,,17.293,,0,,,,,0.35,,,0,,,,,2014-05-14,Hubble Space Telescope
72,Lacaille 8760,012.87,0.6,0.51,0.072,CI Tau,b,ci tau b,Radial Velocity,0,1,8.98910000,0.02020000,-0.02020000,0,,,,,0.250000,0.160000,-0.160000,0,50.500,6.300,-8.500,0,11.60000,2.90000,-2.70000,0,Mass,,,,,,,,,0,0,0,0,04h33m52.01s,68.466728,+22d50m30.1s,22.841696,158.00,1.20,-1.20,0,158.71,1.19,-1.19,0,12.939,0.031,0,V (Johnson),12.145,,0,,,,,0.90,0.02,-0.02,0,,,,,2019-06-27,Multiple Observatories
73,V838 Monocerotis,"019,896",?,380 - 750,"15,000",CoRoT-1,b,corot-1 b,Transit,0,1,1.50895570,0.00000640,-0.00000640,0,,,,,0.000000,,,0,85.100,0.500,-0.500,0,1.03000,0.12000,-0.12000,0,Mass,1.490,0.080,-0.080,0,0.38000,0.05000,-0.05000,0,0,0,0,0,06h48m19.17s,102.079885,-03d06m07.7s,-3.102147,805.31,24.33,-24.33,0,805.31,24.33,-24.33,0,13.600,,0,V (Johnson),13.457,,0,5950.00,150.00,-150.00,0,0.95,0.15,-0.15,0,1.11,0.05,-0.05,0,2014-05-14,CoRoT
74,HD 140283,0190,?,1.4,3.83,CoRoT-10,b,corot-10 b,Transit,0,1,13.24060000,0.00020000,-0.00020000,0,0.105500,0.002100,-0.002100,0,0.530000,0.040000,-0.040000,0,88.550,0.200,-0.200,0,2.75000,0.16000,-0.16000,0,Mass,0.970,0.070,-0.070,0,3.70000,0.83000,-0.83000,0,0,0,0,0,19h24m15.29s,291.063708,+00d44m46.1s,0.746143,345.00,70.00,-70.00,0,341.65,4.03,-4.03,0,15.220,0.050,0,V (Johnson),14.665,,0,5075.00,75.00,-75.00,0,0.89,0.05,-0.05,0,0.79,0.05,-0.05,0,2014-05-14,CoRoT
75,II Pegasi,0130,0.8,3.4,1.06,CoRoT-11,b,corot-11 b,Transit,0,1,2.99433000,0.00001100,-0.00001100,0,0.043600,0.005000,-0.005000,0,0.000000,,,0,83.170,0.150,-0.150,0,2.33000,0.34000,-0.34000,0,Mass,1.430,0.030,-0.030,0,0.99000,0.15000,-0.15000,0,0,0,0,0,18h42m44.94s,280.687263,+05d56m15.7s,5.937688,560.00,30.00,-30.00,0,666.35,24.68,-24.68,0,12.939,0.019,0,V (Johnson),12.841,,0,6440.00,120.00,-120.00,0,1.27,0.05,-0.05,0,1.37,0.03,-0.03,0,2014-05-14,CoRoT
76,VY Canis Majoris,"03,900",17,"1,420","178,000 - 270,000",CoRoT-12,b,corot-12 b,Transit,0,1,2.82804200,0.00001300,-0.00001300,0,0.040160,0.000930,-0.000920,0,0.070000,0.063000,-0.042000,0,85.480,0.720,-0.770,0,0.91700,0.07000,-0.06500,0,Mass,1.440,0.130,-0.130,0,0.41100,0.12900,-0.09400,0,0,0,0,0,06h43m03.76s,100.765677,-01d17m47.2s,-1.296439,1150.00,85.00,-85.00,0,1161.12,57.69,-57.69,0,15.515,0.052,0,V (Johnson),15.345,,0,5675.00,80.00,-80.00,0,1.08,0.08,-0.07,0,1.12,0.10,-0.09,0,2014-05-14,CoRoT
77,Pistol Star,"025,000",100,320,"1,700,000",CoRoT-13,b,corot-13 b,Transit,0,1,4.03519000,0.00003000,-0.00003000,0,0.051000,0.003100,-0.003100,0,0.000000,,,0,88.020,0.340,-0.360,0,1.30800,0.06600,-0.06600,0,Mass,0.885,0.014,-0.014,0,2.34000,0.23000,-0.23000,0,0,0,0,0,06h50m53.07s,102.721137,-05d05m11.2s,-5.086445,1060.00,100.00,-100.00,0,1184.91,61.25,-61.25,0,15.039,0.041,0,V (Johnson),14.915,,0,5945.00,90.00,-90.00,0,1.09,0.02,-0.02,0,1.01,0.03,-0.03,0,2014-05-14,CoRoT
78,S Doradus,"0169,000",24,380,"910,000",CoRoT-14,b,corot-14 b,Transit,0,1,1.51214000,0.00013000,-0.00013000,0,0.027000,0.002000,-0.002000,0,0.000000,,,0,79.600,0.800,-0.800,0,7.60000,0.60000,-0.60000,0,Mass,1.090,0.070,-0.070,0,7.30000,1.50000,-1.50000,0,0,0,0,0,06h53m41.81s,103.424211,-05d32m09.7s,-5.536037,1340.00,110.00,-110.00,0,1826.96,166.60,-166.60,0,16.033,0.070,0,V (Johnson),15.812,,0,6035.00,100.00,-100.00,0,1.13,0.09,-0.09,0,1.21,0.08,-0.08,0,2014-05-14,CoRoT
79,UY Scuti,"05,100",7–10,755,"86,300 - 87,100",CoRoT-16,b,corot-16 b,Transit,0,1,5.35227000,0.00020000,-0.00020000,0,0.061800,0.001500,-0.001500,0,0.330000,0.090000,-0.100000,0,85.010,0.940,-1.200,0,0.53500,0.08500,-0.08300,0,Mass,1.170,0.160,-0.140,0,0.44000,0.21000,-0.14000,0,0,0,0,0,18h34m05.93s,278.524691,-06d00m09.3s,-6.002595,840.00,90.00,-90.00,0,745.96,34.71,-34.71,0,15.630,,0,V (Johnson),15.651,,0,5650.00,100.00,-100.00,0,1.10,0.08,-0.08,0,1.19,0.14,-0.13,0,2014-05-14,CoRoT
80,Barnard's Star,05.98,0.14,0.20,0.0035,CoRoT-17,b,corot-17 b,Transit,0,1,3.76810000,0.00030000,-0.00030000,0,0.046100,0.000800,-0.000800,0,0.000000,,,0,88.340,1.540,-1.540,0,2.43000,0.30000,-0.30000,0,Mass,1.020,0.070,-0.070,0,2.82000,0.38000,-0.38000,0,0,0,0,0,18h34m47.82s,278.699254,-06d36m44.0s,-6.612234,920.00,50.00,-50.00,0,1214.51,57.74,-57.74,0,15.460,,0,V (Johnson),15.437,,0,5740.00,80.00,-80.00,0,1.04,0.10,-0.10,0,1.59,0.07,-0.07,0,2014-05-14,CoRoT
81,Luhman 16,06.52,0.04,?,?,CoRoT-18,b,corot-18 b,Transit,0,1,1.90006930,0.00000280,-0.00000280,0,0.029500,0.001600,-0.001600,0,0.080000,,,1,86.500,1.400,-0.900,0,3.47000,0.38000,-0.38000,0,Mass,1.310,0.180,-0.180,0,2.20000,0.80000,-0.80000,0,0,0,0,0,06h32m41.38s,98.172410,-00d01m53.7s,-0.031586,870.00,90.00,-90.00,0,780.87,27.57,-27.57,0,15.000,0.100,0,V (Johnson),14.801,,0,5440.00,100.00,-100.00,0,0.95,0.15,-0.15,0,1.00,0.13,-0.13,0,2014-05-14,CoRoT
82,Proxima Centauri,04.25,0.12,0.15,0.0017,CoRoT-19,b,corot-19 b,Transit,0,1,3.89713000,0.00002000,-0.00002000,0,0.051800,0.000800,-0.000800,0,0.047000,0.045000,-0.045000,0,88.000,0.700,-0.700,0,1.11000,0.06000,-0.06000,0,Mass,1.290,0.030,-0.030,0,0.71000,0.06000,-0.06000,0,0,0,0,0,06h28m08.06s,97.033582,-00d10m14.5s,-0.170681,770.00,160.00,-160.00,0,807.99,26.81,-26.81,0,14.007,,0,V (Johnson),13.783,,0,6090.00,70.00,-70.00,0,1.21,0.05,-0.05,0,1.65,0.04,-0.04,0,2014-05-14,CoRoT
83,KIC 8462852,"01,470",1.43,1.58,4.68,CoRoT-2,b,corot-2 b,Transit,0,1,1.74299350,0.00000100,-0.00000100,0,0.027980,0.000760,-0.000800,0,0.014300,0.007700,-0.007600,0,88.080,0.180,-0.160,0,3.47000,0.22000,-0.22000,0,Mass,1.466,0.042,-0.044,0,1.47000,0.08000,-0.07400,0,1,0,0,2,19h27m06.49s,291.777056,+01d23m01.4s,1.383714,200.00,,,0,214.56,2.47,-2.47,0,12.570,,0,V (Johnson),12.249,,0,5625.00,120.00,-120.00,0,0.96,0.08,-0.08,0,0.91,0.03,-0.03,0,2014-05-14,CoRoT
84,R136a1,"0163,000",290,32,"8,710,000",CoRoT-20,b,corot-20 b,Transit,0,2,9.24285000,0.00030000,-0.00030000,0,0.090000,0.002000,-0.002000,0,0.590000,0.020000,-0.020000,0,88.210,0.530,-0.530,0,4.30000,0.20000,-0.20000,0,Mass,,,,,,,,,0,0,0,1,06h30m52.90s,97.720408,+00d13m36.9s,0.226919,864.31,24.46,-24.46,0,864.31,24.46,-24.46,0,14.660,,0,V (Johnson),14.469,,0,,,,,1.14,0.08,-0.08,0,,,,,2018-07-19,CoRoT
85,Melnick 42,"0163,000",189,21.1,"3,600,000",CoRoT-20,c,corot-20 c,Radial Velocity,0,2,1675.00000000,19.00000000,-17.00000000,0,2.900000,0.070000,-0.070000,0,0.600000,0.030000,-0.030000,0,,,,,17.00000,1.00000,-1.00000,0,Msini,,,,,,,,,0,0,0,0,06h30m52.90s,97.720408,+00d13m36.9s,0.226919,864.31,24.46,-24.46,0,864.31,24.46,-24.46,0,14.660,,0,V (Johnson),14.469,,0,,,,,1.14,0.08,-0.08,0,,,,,2018-07-19,Multiple Observatories
86,WR 102,"018,134",19,0.39,"282,000",CoRoT-21,b,corot-21 b,Transit,0,1,2.72474000,0.00014000,-0.00014000,0,0.041700,0.001100,-0.001100,0,0.000000,,,0,86.800,2.100,-2.100,0,2.26000,0.31000,-0.31000,0,Mass,1.300,0.140,-0.140,0,1.36000,0.48000,-0.48000,0,0,0,0,0,06h44m12.588s,101.052450,-00d17m56.868s,-0.299130,1398.83,286.45,-286.45,0,1398.83,286.45,-286.45,0,16.000,,0,V (Johnson),15.856,,0,6200.00,100.00,-100.00,0,1.29,0.09,-0.09,0,1.95,0.21,-0.21,0,2018-12-06,CoRoT
87,VFTS 352,"0164,000",57.48,14.47,"330,000",CoRoT-22,b,corot-22 b,Transit,0,1,9.75598000,0.00011000,-0.00011000,0,0.092000,0.001400,-0.001400,0,0.077000,0.300000,-0.042000,0,89.749,0.032,-0.900,0,0.03800,0.04400,-0.02800,0,Mass,0.435,0.015,-0.035,0,0.24900,1.00000,-0.09700,0,0,0,0,0,18h42m40.11s,280.667115,+06d13m08.9s,6.219136,592.00,25.00,-42.00,0,638.47,11.31,-11.31,0,13.944,0.083,0,V (Johnson),13.730,,0,5939.00,54.00,-120.00,0,1.10,0.05,-0.05,0,1.14,0.04,-0.09,0,2014-08-21,CoRoT
88,YBP 1194,"02,772",1.01,0.99,0.98,CoRoT-23,b,corot-23 b,Transit,0,1,3.63130000,0.00010000,-0.00010000,0,0.048000,0.004000,-0.004000,0,0.160000,0.020000,-0.020000,0,85.700,2.600,-1.500,0,2.80000,0.30000,-0.30000,0,Mass,1.050,0.130,-0.130,0,3.00000,1.10000,-1.10000,0,0,0,0,0,18h39m07.83s,279.782615,+04d21m28.1s,4.357806,600.00,50.00,-50.00,0,1092.40,45.90,-45.90,0,15.630,0.070,0,V (Johnson),15.068,,0,5900.00,100.00,-100.00,0,1.14,0.08,-0.08,0,1.61,0.18,-0.18,0,2014-05-14,CoRoT
89,Gliese 1214,047.5,0.16,0.21,0.0033,CoRoT-24,b,corot-24 b,Transit,0,2,5.11340000,0.00060000,-0.00060000,0,0.056000,0.002000,-0.002000,0,0.000000,,,0,86.500,2.000,-2.000,0,0.01800,,,1,Mass,0.330,0.040,-0.040,0,0.90000,,,1,0,0,0,0,06h47m41.41s,101.922547,-03d43m09.5s,-3.719301,600.00,70.00,-70.00,0,601.22,16.02,-16.02,0,,,,,15.180,,0,4950.00,150.00,-150.00,0,0.91,0.09,-0.09,0,0.86,0.09,-0.09,0,2018-05-31,CoRoT
90,NML Cygni,"05,251",50,"1,640 - 2,770","229,000",CoRoT-24,c,corot-24 c,Transit,0,2,11.75900000,0.00630000,-0.00630000,0,0.098000,0.003000,-0.003000,0,0.000000,,,0,89.000,1.000,-1.600,0,0.08800,0.03500,-0.03500,0,Mass,0.440,0.040,-0.040,0,1.30000,0.50000,-0.40000,0,0,0,0,0,06h47m41.41s,101.922547,-03d43m09.5s,-3.719301,600.00,70.00,-70.00,0,601.22,16.02,-16.02,0,,,,,15.180,,0,4950.00,150.00,-150.00,0,0.91,0.09,-0.09,0,0.86,0.09,-0.09,0,2014-06-11,CoRoT
91,VB 10,018.72,0.075,0.10,0.0004,CoRoT-25,b,corot-25 b,Transit,0,1,4.86069000,0.00006000,-0.00006000,0,0.057800,0.002000,-0.000900,0,0.000000,,,0,84.500,0.800,-0.300,0,0.27000,0.04000,-0.04000,0,Mass,1.080,0.300,-0.100,0,0.15000,0.15000,-0.06000,0,0,0,0,0,18h42m31.12s,280.629662,+06d30m49.8s,6.513829,1000.00,85.00,-25.00,0,1137.85,44.95,-44.95,0,,,,,14.711,,0,6040.00,90.00,-90.00,0,1.09,0.11,-0.05,0,1.19,0.14,-0.03,0,2014-05-14,CoRoT
92,WOH G64,"0163,000",<20,"1,540 - 1,730","340-589,000",CoRoT-26,b,corot-26 b,Transit,0,1,4.20474000,0.00005000,-0.00005000,0,0.052600,0.001000,-0.001000,0,0.000000,,,0,86.800,2.200,-1.000,0,0.52000,0.05000,-0.05000,0,Mass,1.260,0.130,-0.070,0,0.28000,0.09000,-0.07000,0,0,0,0,0,18h39m00.12s,279.750514,+06d58m11.2s,6.969787,1670.00,205.00,-110.00,0,,,,,,,,,15.468,,0,5590.00,100.00,-100.00,0,1.09,0.06,-0.06,0,1.79,0.18,-0.09,0,2014-05-14,CoRoT
93,TRAPPIST-1,039.6,0.089,0.12,0.0005,CoRoT-27,b,corot-27 b,Transit,0,1,3.57532000,0.00006000,-0.00006000,0,0.047600,0.006600,-0.006600,0,0.065000,,,1,86.700,1.200,-0.870,0,10.39000,0.55000,-0.55000,0,Mass,1.007,0.044,-0.044,0,12.60000,1.92000,-1.67000,0,0,0,0,0,18h33m59.00s,278.495813,+05d32m18.5s,5.538462,1035.15,66.44,-66.44,0,1035.15,66.44,-66.44,0,15.540,,0,V (Johnson),15.390,,0,5900.00,120.00,-120.00,0,1.05,0.11,-0.11,0,1.08,0.18,-0.06,0,2014-05-14,CoRoT
94,2MASS J0523-1403,040.3,0.07,0.086,0.00013,CoRoT-28,b,corot-28 b,Transit,0,1,5.20851000,0.00038000,-0.00038000,0,0.060300,0.005000,-0.005000,0,0.047000,0.055000,-0.038000,0,88.100,0.800,-0.800,0,0.48400,0.08700,-0.08700,0,Mass,0.955,0.066,-0.066,0,0.69000,0.27000,-0.27000,0,0,0,0,0,18h34m45.20s,278.688338,+05d34m25.4s,5.573730,560.00,70.00,-70.00,0,783.18,14.95,-14.95,0,,,,,13.412,,0,5150.00,100.00,-100.00,0,1.01,0.14,-0.14,0,1.78,0.11,-0.11,0,2015-04-16,CoRoT
95,WISE 0855−0714,07.27,0.003,?,?,CoRoT-29,b,corot-29 b,Transit,0,1,2.85057000,0.00000600,-0.00000600,0,0.038600,0.005900,-0.005900,0,0.082000,0.081000,-0.081000,0,87.300,2.700,-2.700,0,0.85000,0.20000,-0.20000,0,Mass,0.900,0.160,-0.160,0,1.45000,0.74000,-0.74000,0,0,0,0,0,18h35m36.50s,278.902103,+06d28m46.7s,6.479651,765.00,50.00,-50.00,0,822.62,42.40,-42.40,0,,,,,15.239,,0,5260.00,100.00,-100.00,0,0.97,0.14,-0.14,0,0.90,0.12,-0.12,0,2015-04-16,CoRoT
96,Icarus,"014,400,000,000",33,?,"850,000",CoRoT-3,b,corot-3 b,Transit,0,1,4.25680000,0.00000500,-0.00000500,0,,,,,0.000000,,,0,85.900,0.800,-0.800,0,21.66000,1.00000,-1.00000,0,Mass,1.010,0.070,-0.070,0,26.40000,5.60000,-5.60000,0,0,0,0,0,19h28m13.26s,292.055263,+00d07m18.6s,0.121820,680.00,160.00,-160.00,0,784.49,30.60,-30.60,0,13.292,0.020,0,V (Johnson),13.219,,0,6740.00,140.00,-140.00,0,1.37,0.09,-0.09,0,1.56,0.09,-0.09,0,2014-05-14,CoRoT
