,Unnamed: 0,Star_name,Distance,Mass,Radius,Luminosity,pl_hostname,pl_letter,pl_name,pl_discmethod,pl_controvflag,pl_pnum,pl_orbper,pl_orbpererr1,pl_orbpererr2,pl_orbperlim,pl_orbsmax,pl_orbsmaxerr1,pl_orbsmaxerr2,pl_orbsmaxlim,pl_orbeccen,pl_orbeccenlim,pl_orbincl,pl_orbinclerr1,pl_orbinclerr2,pl_orbincllim,pl_bmassj,pl_bmassjerr1,pl_bmassjerr2,pl_bmassjlim,pl_bmassprov,pl_radj,pl_radjerr1,pl_radjerr2,pl_radjlim,pl_dens,pl_denserr1,pl_denserr2,pl_denslim,pl_ttvflag,pl_kepflag,pl_k2flag,pl_nnotes,ra_str,ra,dec_str,dec,st_dist,st_disterr1,st_disterr2,st_distlim,gaia_dist,gaia_disterr1,gaia_disterr2,gaia_distlim,st_optmag,st_optmagerr,st_optmaglim,st_optband,gaia_gmag,gaia_gmagerr,gaia_gmaglim,st_teff,st_tefferr1,st_tefferr2,st_tefflim,st_mass,st_masserr1,st_masserr2,st_masslim,st_rad,st_raderr1,st_raderr2,st_radlim,rowupdate,pl_facility
0,0,Sun,0.000015813,1,1,1,11 Com,b,11 com b,Radial Velocity,0,1,326.03,0.32,-0.32,0.0,1.29,0.05,-0.05,0.0,0.231,0.0,,,,,19.4,1.5,-1.5,0.0,Msini,,,,,,,,,0,0,0,0,12h20m43.03s,185.179276,+17d47m34.3s,17.792868,93.37,1.92,-1.92,0,93.37,1.92,-1.92,0.0,4.74,,0.0,V (Johnson),4.372,,0.0,4742.0,100.0,-100.0,0.0,2.7,0.3,-0.3,0.0,19.0,2.0,-2.0,0.0,2014-05-14,Xinglong Station
1,1,Sirius,0008.6,2.1,1.71,25.4,11 UMi,b,11 umi b,Radial Velocity,0,1,516.21997,3.2,-3.2,0.0,1.53,0.07,-0.07,0.0,0.08,0.0,,,,,14.74,2.5,-2.5,0.0,Msini,,,,,,,,,0,0,0,0,15h17m05.89s,229.274536,+71d49m26.0s,71.823898,125.72,1.97,-1.97,0,125.72,1.97,-1.97,0.0,5.016,0.009,0.0,V (Johnson),4.5,,0.0,4213.0,46.0,-46.0,0.0,2.78,0.69,-0.69,0.0,29.79,2.84,-2.84,0.0,2018-09-06,Thueringer Landessternwarte Tautenburg
2,2,Canopus,0310,15,71,"13,500",14 And,b,14 and b,Radial Velocity,0,1,185.84,0.23,-0.23,0.0,0.83,,,0.0,0.0,0.0,,,,,4.8,,,0.0,Msini,,,,,,,,,0,0,0,0,23h31m17.42s,352.822571,+39d14m10.3s,39.236198,75.59,0.71,-0.71,0,75.59,0.71,-0.71,0.0,5.227,0.009,0.0,V (Johnson),4.872,,0.0,4813.0,20.0,-20.0,0.0,2.2,0.1,-0.2,0.0,11.0,1.0,-1.0,0.0,2014-05-14,Okayama Astrophysical Observatory
3,3,Alpha Centauri,0004.4,1.1,1.2,2,14 Her,b,14 her b,Radial Velocity,0,1,1773.40002,2.5,-2.5,0.0,2.93,0.08,-0.08,0.0,0.37,0.0,,,,,4.66,0.15,-0.15,0.0,Msini,,,,,,,,,0,0,0,0,16h10m24.31s,242.601303,+43d49m03.5s,43.817646,17.94,0.01,-0.01,0,17.94,0.01,-0.01,0.0,6.61,0.02,0.0,V (Johnson),6.379,,0.0,5338.0,25.0,-25.0,0.0,0.9,0.04,-0.04,0.0,0.93,0.01,-0.01,0.0,2018-09-06,W. M. Keck Observatory
4,4,Arcturus,0037,1.1,26,170,16 Cyg B,b,16 cyg b b,Radial Velocity,0,1,798.5,1.0,-1.0,0.0,1.66,0.03,-0.03,0.0,0.68,0.0,,,,,1.78,0.08,-0.08,0.0,Msini,,,,,,,,,0,0,0,0,19h41m51.97s,295.466553,+50d31m03.1s,50.517525,21.15,0.01,-0.01,0,21.15,0.01,-0.01,0.0,6.25,,0.0,V (Johnson),6.057,,0.0,5750.0,8.0,-8.0,0.0,1.08,0.04,-0.04,0.0,1.13,0.01,-0.01,0.0,2018-09-06,Multiple Observatories
5,5,Vega,0025,2.2,2.7,50,18 Del,b,18 del b,Radial Velocity,0,1,993.3,3.2,-3.2,0.0,2.6,,,0.0,0.08,0.0,,,,,10.3,,,0.0,Msini,,,,,,,,,0,0,0,0,20h58m25.94s,314.608063,+10d50m21.4s,10.839286,76.38,0.62,-0.62,0,76.38,0.62,-0.62,0.0,5.506,0.009,0.0,V (Johnson),5.244,,0.0,4979.0,18.0,-18.0,0.0,2.3,,,0.0,8.5,,,0.0,2014-05-14,Okayama Astrophysical Observatory
6,6,Capella,0043,2.6,12,150,1RXS J160929.1-210524,b,1rxs j160929.1-210524 b,Imaging,0,1,,,,,330.0,,,0.0,,,,,,,8.0,1.0,-1.0,0.0,Mass,,,,,,,,,0,0,0,0,16h09m30.30s,242.376268,-21d04m58.9s,-21.083036,145.0,14.0,-14.0,0,139.67,1.32,-1.32,0.0,,,,,12.057,,0.0,4060.0,300.0,-200.0,0.0,0.85,0.2,-0.1,0.0,,,,,2015-04-01,Gemini Observatory
7,7,Rigel,0860,23,78.9,"120,000",24 Boo,b,24 boo b,Radial Velocity,0,1,30.3506,0.0078,-0.0077,0.0,0.19,0.012,-0.009,0.0,0.042,0.0,,,,,0.91,0.13,-0.1,0.0,Msini,,,,,,,,,0,0,0,0,14h28m37.81s,217.157547,+49d50m41.5s,49.844852,96.25,0.64,-0.64,0,96.25,0.64,-0.64,0.0,5.58,,0.0,V (Johnson),5.305,,0.0,4893.0,15.0,-15.0,0.0,0.99,0.19,-0.13,0.0,10.64,0.84,-0.59,0.0,2018-04-26,Okayama Astrophysical Observatory
8,8,Procyon,0011.4,1.5,1.9,7.7,24 Sex,b,24 sex b,Radial Velocity,0,2,452.8,2.1,-4.5,0.0,1.333,0.004,-0.009,0.0,0.09,0.0,,,,,1.99,0.26,-0.38,0.0,Msini,,,,,,,,,0,0,0,0,10h23m28.37s,155.86821,-00d54m08.1s,-0.902244,72.21,0.68,-0.68,0,72.21,0.68,-0.68,0.0,6.441,0.01,0.0,V (Johnson),6.198,,0.0,5098.0,44.0,-44.0,0.0,1.54,0.08,-0.08,0.0,4.9,0.08,-0.08,0.0,2014-05-14,Lick Observatory
9,9,Betelgeuse,0640[1],20,950,"60,000",24 Sex,c,24 sex c,Radial Velocity,0,2,883.0,32.4,-13.8,0.0,2.08,0.05,-0.02,0.0,0.29,0.0,,,,,0.86,0.35,-0.22,0.0,Msini,,,,,,,,,0,0,0,0,10h23m28.37s,155.86821,-00d54m08.1s,-0.902244,72.21,0.68,-0.68,0,72.21,0.68,-0.68,0.0,6.441,0.01,0.0,V (Johnson),6.198,,0.0,5098.0,44.0,-44.0,0.0,1.54,0.08,-0.08,0.0,4.9,0.08,-0.08,0.0,2014-05-14,Lick Observatory
10,10,Achernar,0144,6.7,9.3,"3,000",2MASS J01033563-5515561 A,b,2mass j01033563-5515561 ab b,Imaging,0,1,,,,0.0,84.0,,,0.0,,0.0,,,,0.0,13.0,1.0,-1.0,0.0,Mass,,,,0.0,,,,0.0,0,0,0,0,01h03m35.63s,15.898458,-55d15m56.1s,-55.265583,47.2,3.1,-3.1,0,,,,,,,,,,,,,,,0.0,0.19,0.02,-0.02,0.0,,,,0.0,2020-09-03,Paranal Observatory
11,11,Hadar,0390,10.5,8.6,"42,000",2MASS J01225093-2439505,b,2mass j01225093-2439505 b,Imaging,0,1,,,,,52.0,6.0,-6.0,0.0,,,,,,,24.5,2.5,-2.5,0.0,Mass,,,,,,,,,0,0,0,0,01h22m50.94s,20.712243,-24d39m50.6s,-24.664049,36.0,4.0,-4.0,0,33.86,0.09,-0.09,0.0,14.24,0.07,0.0,V (Johnson),12.903,,0.0,3530.0,50.0,-50.0,0.0,0.4,0.05,-0.05,0.0,,,,,2014-05-14,W. M. Keck Observatory
12,12,Altair,0017,1.8,1.8,10.5,2MASS J02192210-3925225,b,2mass j02192210-3925225 b,Imaging,0,1,,,,,156.0,10.0,-10.0,0.0,,,,,,,13.9,1.1,-1.1,0.0,Mass,1.44,0.03,-0.03,0.0,,,,,0,0,0,0,02h19m22.11s,34.842106,-39d25m22.5s,-39.422928,39.4,2.6,-2.6,0,40.09,0.19,-0.19,0.0,,,,,15.012,,0.0,3064.0,76.0,-76.0,0.0,0.11,0.01,-0.01,0.0,0.28,0.01,-0.01,0.0,2015-05-14,Cerro Tololo Inter-American Observatory
13,13,Acrux,0320,18,8.9,"25,000",2MASS J04414489+2301513,b,2mass j04414489+2301513 b,Imaging,0,1,,,,,15.0,,,0.0,,,,,,,7.5,2.5,-2.5,0.0,Mass,,,,,,,,,0,0,0,0,04h41m44.90s,70.437073,+23d01m51.4s,23.030941,140.0,,,0,120.42,5.48,-5.48,0.0,,,,,18.967,,0.0,,,,,0.02,,,0.0,,,,,2014-05-14,Hubble Space Telescope
14,14,Aldebaran,0065,1.5,44,520,2MASS J12073346-3932539,b,2mass j12073346-3932539 b,Imaging,0,1,,,,,46.0,5.0,-5.0,0.0,,,,,,,4.0,1.0,-1.0,0.0,Mass,,,,,,,,,0,0,0,0,12h07m33.47s,181.889447,-39d32m54.0s,-39.548332,64.42,0.65,-0.65,0,64.42,0.65,-0.65,0.0,20.15,0.19,0.0,V (Johnson),17.408,,0.0,,,,,0.02,,,0.0,,,,,2014-05-14,Paranal Observatory
15,15,Antares,0600,12,680,"75,000",2MASS J19383260+4603591,b,2mass j19383260+4603591 b,Eclipse Timing Variations,0,1,416.0,2.0,-2.0,0.0,0.92,0.02,-0.02,0.0,,,,,,,1.9,0.1,-0.1,0.0,Mass,,,,,,,,,0,1,0,0,19h38m32.61s,294.635865,+46d03m59.1s,46.066418,400.77,6.48,-6.48,0,400.77,6.48,-6.48,0.0,12.264,,0.0,Kepler-band,12.138,,0.0,,,,,0.48,0.03,-0.03,0.0,,,,,2015-06-04,Kepler
16,16,Spica,0260,11.43,7.47,"20,512",2MASS J21402931+1625183 A,b,2mass j21402931+1625183 a b,Imaging,0,1,7336.5,1934.5,-584.0,0.0,,,,,0.26,0.0,46.2,2.5,-8.7,0.0,20.95,83.79,-20.95,0.0,Mass,0.92,0.39,-0.36,0.0,,,,,0,0,0,0,21h40m29.32s,325.122159,+16d25m18.3s,16.421759,25.0,10.0,-10.0,0,33.12,0.48,-0.48,0.0,,,,,17.396,,0.0,2300.0,80.0,-80.0,0.0,0.08,0.06,-0.06,0.0,0.12,0.05,-0.04,0.0,2014-05-14,W. M. Keck Observatory
17,17,Pollux,0034,1.9,8.8,43,2MASS J22362452+4751425,b,2mass j22362452+4751425 b,Imaging,0,1,,,,,230.0,20.0,-20.0,0.0,,,,,,,12.5,1.5,-1.5,0.0,Mass,,,,,,,,,0,0,0,1,22h36m24.53s,339.102203,+47d51m42.6s,47.86182,74.0,10.0,-10.0,0,69.71,0.16,-0.16,0.0,12.51,0.03,0.0,V (Johnson),11.948,,0.0,4045.0,35.0,-35.0,0.0,0.6,0.05,-0.05,0.0,,,,,2016-11-10,W. M. Keck Observatory
18,18,Fomalhaut,0025,1.9,1.8,16.6,30 Ari B,b,30 ari b b,Radial Velocity,0,1,335.10001,2.5,-2.5,0.0,0.99,0.02,-0.02,0.0,0.29,0.0,,,,,13.82,1.8,-1.8,0.0,Msini,,,,,,,,,0,0,0,0,02h36m57.74s,39.240585,+24d38m53.0s,24.648064,44.71,0.1,-0.1,0,44.71,0.1,-0.1,0.0,6.962,0.011,0.0,V (Johnson),6.961,,0.0,6331.0,61.0,-61.0,0.0,1.93,0.27,-0.27,0.0,1.41,0.05,-0.05,0.0,2018-09-06,Thueringer Landessternwarte Tautenburg
19,19,Deneb,"2,600",19,203,"200,000",4 UMa,b,4 uma b,Radial Velocity,0,1,269.3,1.96,-1.96,0.0,0.87,0.04,-0.04,0.0,0.432,0.0,,,,,7.1,1.6,-1.6,0.0,Msini,,,,,,,,,0,0,0,0,08h40m12.82s,130.053406,+64d19m40.6s,64.327934,73.58,1.18,-1.18,0,73.58,1.18,-1.18,0.0,4.61,,0.0,V (Johnson),4.16,,0.0,4415.0,70.0,-70.0,0.0,1.23,0.15,-0.15,0.0,18.11,1.47,-1.47,0.0,2014-05-14,Thueringer Landessternwarte Tautenburg
20,20,Mimosa,0350,16,8.4,"34,000",42 Dra,b,42 dra b,Radial Velocity,0,1,479.1,6.2,-6.2,0.0,1.19,0.01,-0.01,0.0,0.38,0.0,,,,,3.88,0.85,-0.85,0.0,Msini,,,,,,,,,0,0,0,0,18h25m59.14s,276.496399,+65d33m48.5s,65.563484,90.86,1.32,-1.32,0,90.86,1.32,-1.32,0.0,4.82,,0.0,V (Johnson),4.364,,0.0,4200.0,70.0,-70.0,0.0,0.98,0.05,-0.05,0.0,22.03,1.0,-1.0,0.0,2014-05-14,Thueringer Landessternwarte Tautenburg
21,21,Regulus,0077,3.8,3.1,290,47 UMa,b,47 uma b,Radial Velocity,0,3,1078.0,2.0,-2.0,0.0,2.1,0.02,-0.02,0.0,0.032,0.0,,,,,2.53,0.07,-0.06,0.0,Msini,,,,,,,,,0,0,0,0,10h59m27.97s,164.866562,+40d25m48.9s,40.430256,13.8,0.03,-0.03,0,13.8,0.03,-0.03,0.0,5.05,,0.0,V (Johnson),4.831,,0.0,5892.0,70.0,-70.0,0.0,1.03,0.05,-0.05,0.0,1.23,,,0.0,2014-05-14,Lick Observatory
22,22,Adhara,0430,12.5,14,"39,000",47 UMa,c,47 uma c,Radial Velocity,0,3,2391.0,100.0,-87.0,0.0,3.6,0.1,-0.1,0.0,0.098,0.0,,,,,0.54,0.066,-0.073,0.0,Msini,,,,,,,,,0,0,0,0,10h59m27.97s,164.866562,+40d25m48.9s,40.430256,13.8,0.03,-0.03,0,13.8,0.03,-0.03,0.0,5.05,,0.0,V (Johnson),4.831,,0.0,5892.0,70.0,-70.0,0.0,1.03,0.05,-0.05,0.0,1.23,,,0.0,2014-05-14,Lick Observatory
23,23,Shaula,0700,14.5,8.8,"36,000",47 UMa,d,47 uma d,Radial Velocity,0,3,14002.0,4018.0,-5095.0,0.0,11.6,2.1,-2.9,0.0,0.16,0.0,,,,,1.64,0.29,-0.48,0.0,Msini,,,,,,,,,0,0,0,0,10h59m27.97s,164.866562,+40d25m48.9s,40.430256,13.8,0.03,-0.03,0,13.8,0.03,-0.03,0.0,5.05,,0.0,V (Johnson),4.831,,0.0,5892.0,70.0,-70.0,0.0,1.03,0.05,-0.05,0.0,1.23,,,0.0,2014-05-14,Lick Observatory
24,24,Castor,0052,2.8,2.4,30,51 Eri,b,51 eri b,Imaging,0,1,11688.0,6209.25,-3287.25,0.0,12.0,4.0,-2.0,0.0,0.45,0.0,133.0,14.0,-7.0,0.0,,,,,,,,,,,,,,0,0,0,1,04h37m36.13s,69.400551,-02d28m24.8s,-2.473548,29.4,0.3,-0.3,0,29.78,0.12,-0.12,0.0,5.23,,0.0,V (Johnson),5.122,,0.0,,,,,1.75,0.05,-0.05,0.0,,,,,2019-07-11,Gemini Observatory
25,25,Gacrux,0088,1.5,84,820,51 Peg,b,51 peg b,Radial Velocity,0,1,4.230785,3.6e-05,-3.6e-05,0.0,0.0527,0.003,-0.003,0.0,0.013,0.0,,,,,0.472,0.039,-0.039,0.0,Msini,,,,,,,,,0,0,0,0,22h57m27.98s,344.366577,+20d46m07.8s,20.768833,15.47,0.03,-0.03,0,15.47,0.03,-0.03,0.0,5.5,,0.0,V (Johnson),5.256,,0.0,5793.0,70.0,-70.0,0.0,1.12,0.06,-0.06,0.0,1.2,,,0.0,2014-05-14,Haute-Provence Observatory
26,26,Bellatrix,0240,8.6,5.8,"9,200",55 Cnc,b,55 cnc b,Radial Velocity,0,5,14.65152,0.00015,-0.00015,0.0,0.115227,1e-06,-1e-06,0.0,0.0034,0.0,90.0,,,0.0,0.8306,0.0033,-0.0033,0.0,Mass,,,,,,,,,0,0,0,0,08h52m35.81s,133.149216,+28d19m50.9s,28.330818,12.59,0.01,-0.01,0,12.59,0.01,-0.01,0.0,5.96,0.01,0.0,V (Johnson),5.714,,0.0,5196.0,24.0,-24.0,0.0,0.91,0.01,-0.01,0.0,0.94,0.01,-0.01,0.0,2014-10-29,Lick Observatory
27,27,Elnath,0130,5.0,4.2,700,55 Cnc,c,55 cnc c,Radial Velocity,0,5,44.4175,0.0073,-0.0073,0.0,0.241376,2.6e-05,-2.6e-05,0.0,0.02,0.0,90.0,,,0.0,0.1714,0.0055,-0.0055,0.0,Mass,,,,,,,,,0,0,0,0,08h52m35.81s,133.149216,+28d19m50.9s,28.330818,12.59,0.01,-0.01,0,12.59,0.01,-0.01,0.0,5.96,0.01,0.0,V (Johnson),5.714,,0.0,5196.0,24.0,-24.0,0.0,0.91,0.01,-0.01,0.0,0.94,0.01,-0.01,0.0,2014-10-29,McDonald Observatory
28,28,Miaplacidus,0110,3.5,6.8,290,55 Cnc,d,55 cnc d,Radial Velocity,0,5,4825.0,39.0,-39.0,0.0,5.503,0.03,-0.03,0.0,0.019,0.0,90.0,,,0.0,3.878,0.068,-0.068,0.0,Mass,,,,,,,,,0,0,0,0,08h52m35.81s,133.149216,+28d19m50.9s,28.330818,12.59,0.01,-0.01,0,12.59,0.01,-0.01,0.0,5.96,0.01,0.0,V (Johnson),5.714,,0.0,5196.0,24.0,-24.0,0.0,0.91,0.01,-0.01,0.0,0.94,0.01,-0.01,0.0,2014-10-29,Lick Observatory
29,29,Alnilam,"2,000",32,42,"380,000",55 Cnc,e,55 cnc e,Radial Velocity,0,5,0.736539,7e-06,-7e-06,0.0,0.01544,9e-05,-9e-05,0.0,,,83.3,0.9,-0.8,0.0,0.02542,0.00098,-0.00098,0.0,Mass,0.17,0.007,-0.007,0.0,6.4,0.8,-0.7,0.0,0,0,0,2,08h52m35.81s,133.149216,+28d19m50.9s,28.330818,12.59,0.01,-0.01,0,12.59,0.01,-0.01,0.0,5.96,0.01,0.0,V (Johnson),5.714,,0.0,5196.0,24.0,-24.0,0.0,0.91,0.01,-0.01,0.0,0.94,0.01,-0.01,0.0,2019-01-31,McDonald Observatory
30,30,Gamma Velorum,"01,100",9.0,6,"170,000",55 Cnc,f,55 cnc f,Radial Velocity,0,5,262.0,0.51,-0.51,0.0,0.788,0.001,-0.001,0.0,0.305,0.0,90.0,,,0.0,0.141,0.012,-0.012,0.0,Mass,,,,,,,,,0,0,0,0,08h52m35.81s,133.149216,+28d19m50.9s,28.330818,12.59,0.01,-0.01,0,12.59,0.01,-0.01,0.0,5.96,0.01,0.0,V (Johnson),5.714,,0.0,5196.0,24.0,-24.0,0.0,0.91,0.01,-0.01,0.0,0.94,0.01,-0.01,0.0,2014-10-29,Multiple Observatories
31,31,Alnair,0101,4.0,3.4,260,6 Lyn,b,6 lyn b,Radial Velocity,0,1,934.3,8.6,-8.6,0.0,2.11,0.11,-0.11,0.0,0.073,0.0,,,,,2.01,0.077,-0.077,0.0,Msini,,,,,,,,,0,0,0,0,06h30m47.11s,97.696281,+58d09m45.5s,58.162632,54.74,0.27,-0.27,0,54.74,0.27,-0.27,0.0,5.86,,0.0,V (Johnson),5.588,,0.0,4938.0,,,0.0,1.44,,,0.0,5.2,,,0.0,2018-12-06,Okayama Astrophysical Observatory
32,32,Alioth,0081,2.9,4.2,110,61 Vir,b,61 vir b,Radial Velocity,0,3,4.215,0.0006,-0.0006,0.0,0.050201,5e-06,-5e-06,0.0,0.12,0.0,,,,,0.016,0.002,-0.002,0.0,Msini,,,,,,,,,0,0,0,0,13h18m24.32s,199.601318,-18d18m40.3s,-18.311195,8.51,0.02,-0.02,0,8.51,0.02,-0.02,0.0,4.74,,0.0,V (Johnson),4.477,,0.0,5577.0,33.0,-33.0,0.0,0.94,0.03,-0.03,0.0,0.96,0.01,-0.01,0.0,2014-05-14,Multiple Observatories
33,33,Alnitak,01050,33,20,"120,000",61 Vir,c,61 vir c,Radial Velocity,0,3,38.021,0.034,-0.034,0.0,0.2175,0.0001,-0.0001,0.0,0.14,0.0,,,,,0.057,0.003,-0.003,0.0,Msini,,,,,,,,,0,0,0,0,13h18m24.32s,199.601318,-18d18m40.3s,-18.311195,8.51,0.02,-0.02,0,8.51,0.02,-0.02,0.0,4.74,,0.0,V (Johnson),4.477,,0.0,5577.0,33.0,-33.0,0.0,0.94,0.03,-0.03,0.0,0.96,0.01,-0.01,0.0,2014-05-14,Multiple Observatories
34,34,Dubhe,0120,4.25,30,300,61 Vir,d,61 vir d,Radial Velocity,0,3,123.01,0.55,-0.55,0.0,0.476,0.001,-0.001,0.0,0.35,0.0,,,,,0.072,0.008,-0.008,0.0,Msini,,,,,,,,,0,0,0,0,13h18m24.32s,199.601318,-18d18m40.3s,-18.311195,8.51,0.02,-0.02,0,8.51,0.02,-0.02,0.0,4.74,,0.0,V (Johnson),4.477,,0.0,5577.0,33.0,-33.0,0.0,0.94,0.03,-0.03,0.0,0.96,0.01,-0.01,0.0,2014-05-14,Multiple Observatories
35,35,Mirfak,0590,8.5,68,"5,000",7 CMa,b,7 cma b,Radial Velocity,0,2,735.1,14.8,-1.0,0.0,1.758,0.024,-0.001,0.0,0.06,0.0,90.0,,,0.0,1.85,0.06,-0.06,0.0,Msin(i)/sin(i),,,,,,,,,0,0,0,0,06h36m41.04s,99.17099,-19d15m21.2s,-19.255878,19.82,0.16,-0.16,0,19.82,0.16,-0.16,0.0,3.92,,0.0,V (Johnson),3.578,,0.0,4826.0,45.0,-55.0,0.0,1.34,0.11,-0.12,0.0,4.87,0.17,-0.14,0.0,2019-10-24,Anglo-Australian Telescope
36,36,Wezen,"1,600",17,200,"82,000",7 CMa,c,7 cma c,Radial Velocity,0,2,996.0,1.5,-52.4,0.0,2.153,0.003,-0.08,0.0,0.08,0.0,90.0,,,0.0,0.87,0.06,-0.06,0.0,Msin(i)/sin(i),,,,,,,,,0,0,0,0,06h36m41.04s,99.17099,-19d15m21.2s,-19.255878,19.82,0.16,-0.16,0,19.82,0.16,-0.16,0.0,3.92,,0.0,V (Johnson),3.578,,0.0,4826.0,45.0,-55.0,0.0,1.34,0.11,-0.12,0.0,4.87,0.17,-0.14,0.0,2019-10-24,Multiple Observatories
37,37,Sargas,0270,5.7,26,"1,800",70 Vir,b,70 vir b,Radial Velocity,0,1,116.688,0.0054,-0.0054,0.0,0.481,0.022,-0.022,0.0,0.3988,0.0,,,,,7.416,0.057,-0.057,0.0,Msini,,,,,,,,,0,0,0,0,13h28m25.81s,202.107544,+13d46m43.6s,13.778788,17.91,0.06,-0.06,0,17.91,0.06,-0.06,0.0,4.97,,0.0,V (Johnson),4.709,,0.0,5495.0,,,0.0,1.09,,,0.0,1.89,,,0.0,2018-12-06,Lick Observatory
38,38,Kaus Australis,0140,3.5,6.8,360,75 Cet,b,75 cet b,Radial Velocity,0,1,691.9,3.6,-3.6,0.0,2.1,,,0.0,0.117,0.0,,,,,3.0,,,0.0,Msini,,,,,,,,,0,0,0,0,02h32m09.42s,38.039253,-01d02m05.6s,-1.034896,83.15,0.72,-0.72,0,83.15,0.72,-0.72,0.0,5.35,,0.0,V (Johnson),5.055,,0.0,4846.0,18.0,-18.0,0.0,2.49,0.02,-0.27,0.0,10.5,1.0,-1.0,0.0,2015-09-03,Okayama Astrophysical Observatory
39,39,Avior,0630,9.0,130,"60,000",8 UMi,b,8 umi b,Radial Velocity,0,1,93.4,4.5,-4.5,0.0,0.49,0.02,-0.02,0.0,0.06,0.0,,,,,1.31,0.16,-0.16,0.0,Msini,,,,,,,,,0,0,0,0,14h56m48.35s,224.201477,+74d54m03.3s,74.900925,163.32,0.65,-0.65,0,163.32,0.65,-0.65,0.0,6.83,,0.0,V (Johnson),6.559,,0.0,4847.0,7.0,-7.0,0.0,1.44,0.19,-0.19,0.0,10.3,0.57,-0.57,0.0,2018-09-06,Bohyunsan Optical Astronomical Observatory
40,40,Alkaid,0104,6.1,3.4,"1,350",81 Cet,b,81 cet b,Radial Velocity,0,1,952.7,8.8,-8.8,0.0,2.5,,,0.0,0.206,0.0,,,,,5.3,,,0.0,Msini,,,,,,,,,0,0,0,0,02h37m41.80s,39.424168,-03d23m46.2s,-3.396175,101.53,1.22,-1.22,0,101.53,1.22,-1.22,0.0,5.65,,0.0,V (Johnson),5.349,,0.0,4785.0,25.0,-25.0,0.0,2.4,0.1,-0.4,0.0,11.0,2.0,-1.0,0.0,2014-05-14,Okayama Astrophysical Observatory
41,41,Menkalinan,081,2.39,2.77,50,91 Aqr,b,91 aqr b,Radial Velocity,0,1,181.4,0.1,-0.1,0.0,0.7,,,0.0,0.027,0.0,,,,,3.2,,,0.0,Msini,,,,,,,,,0,0,0,0,23h15m53.50s,348.9729,-09d05m15.9s,-9.087737,44.08,0.51,-0.51,0,44.08,0.51,-0.51,0.0,4.25,,0.0,V (Johnson),3.863,,0.0,4665.0,18.0,-18.0,0.0,1.4,0.1,-0.1,0.0,11.0,0.1,-0.1,0.0,2014-05-14,Lick Observatory
42,42,Atria,0390,7,92,"5,500",AB Pic,b,ab pic b,Imaging,0,1,,,,,260.0,,,0.0,,,,,,,13.5,0.5,-0.5,0.0,Mass,,,,,,,,,0,0,0,0,06h19m12.91s,94.803802,-58d03m15.5s,-58.05431,50.12,0.07,-0.07,0,50.12,0.07,-0.07,0.0,9.128,0.019,0.0,V (Johnson),8.838,,0.0,,,,,,,,,,,,,2014-05-14,Paranal Observatory
43,43,Alhena,0109,2.8,3.3,120,alf Ari,b,alf ari b,Radial Velocity,0,1,380.8,0.3,-0.3,0.0,1.2,,,0.0,0.25,0.0,,,,,1.8,0.2,-0.2,0.0,Msini,,,,,,,,,0,0,0,0,02h07m10.41s,31.793364,+23d27m44.7s,23.462423,20.21,0.4,-0.41,0,,,,,2.0,,0.0,V (Johnson),,,,4553.0,15.0,,0.0,1.5,0.2,,0.0,13.9,0.3,,0.0,2019-01-31,Bohyunsan Optical Astronomical Observatory
44,44,Peacock,0180,5.9,4.8,"2,200",alf Tau,b,alf tau b,Radial Velocity,0,1,628.96,0.9,-0.9,0.0,1.46,0.27,-0.27,0.0,0.1,0.0,,,,,6.47,0.53,-0.53,0.0,Msini,,,,,,,,,0,0,0,0,04h35m55.24s,68.980164,+16d30m33.5s,16.509302,20.43,0.32,-0.32,0,,,,,0.85,,0.0,V (Johnson),,,,4055.0,70.0,-70.0,0.0,1.13,0.11,-0.11,0.0,45.1,0.1,-0.1,0.0,2015-06-04,Multiple Observatories
45,45,Alsephina[2],0080,2.4,2.9,90,AU Mic,b,au mic b,Transit,0,1,8.46321,4e-05,-4e-05,0.0,0.066,0.007,-0.006,0.0,0.1,0.0,,,,0.0,0.18,,,1.0,Msini,0.375,0.018,-0.018,0.0,4.4,,,1.0,0,0,0,0,20h45m09.53s,311.289703,-31d20m27.2s,-31.340899,9.79,0.04,-0.04,0,9.72,0.0,0.0,0.0,8.81,,0.0,V (Johnson),7.84,,0.0,3700.0,100.0,-100.0,0.0,0.5,0.03,-0.03,0.0,0.75,0.03,-0.03,0.0,2020-06-24,Transiting Exoplanet Survey Satellite (TESS)
46,46,Mirzam,0500,13.5,10,"27,000",BD+03 2562,b,bd+03 2562 b,Radial Velocity,0,1,481.9,2.7,-2.8,0.0,1.3,0.1,-0.1,0.0,0.2,0.0,,,,,6.4,1.3,-1.3,0.0,Msini,,,,,,,,,0,0,0,0,11h50m15.55s,177.564804,+02d45m36.5s,2.760142,2618.0,564.0,-564.0,0,1106.93,66.8,-66.8,0.0,9.58,0.01,0.0,V (Johnson),8.998,,0.0,4095.0,20.0,-20.0,0.0,1.14,0.25,-0.25,0.0,32.35,8.82,-8.82,0.0,2017-06-15,Multiple Observatories
47,47,Polaris,0430,5.4,39,"2,500",BD+14 4559,b,bd+14 4559 b,Radial Velocity,0,1,268.94,0.99,-0.99,0.0,0.78,0.05,-0.05,0.0,0.29,0.0,,,,,1.04,0.47,-0.47,0.0,Msini,,,,,,,,,0,0,0,0,21h13m35.99s,318.399963,+14d41m21.8s,14.689387,49.42,0.08,-0.08,0,49.42,0.08,-0.08,0.0,9.63,0.012,0.0,V (Johnson),9.351,,0.0,4864.0,101.0,-101.0,0.0,0.49,0.33,-0.33,0.0,0.86,0.04,-0.04,0.0,2018-09-06,McDonald Observatory
48,48,Alphard,0180,3.0,50,780,BD+15 2375,b,bd+15 2375 b,Radial Velocity,0,1,153.22,0.44,-0.44,0.0,0.576,0.027,-0.027,0.0,0.001,0.0,,,,,1.061,0.27,-0.27,0.0,Msini,,,,,,,,,0,0,0,0,11h45m55.72s,176.482174,+14d36m59.0s,14.616381,774.0,165.0,-165.0,0,785.38,45.98,-45.98,0.0,10.31,0.023,0.0,V (Johnson),9.992,,0.0,4649.0,30.0,-30.0,0.0,1.08,0.14,-0.14,0.0,8.95,1.45,-1.45,0.0,2016-02-04,Roque de los Muchachos Observatory
49,49,Mintaka,01200,24,16.5,"190,000",BD+15 2940,b,bd+15 2940 b,Radial Velocity,0,1,137.48,0.34,-0.34,0.0,0.539,,,0.0,0.26,0.0,,,,,1.11,,,0.0,Msini,,,,,,,,,0,0,0,0,16h00m22.94s,240.095566,+15d32m48.9s,15.54693,431.61,6.55,-6.55,0,431.61,6.55,-6.55,0.0,9.046,0.021,0.0,V (Johnson),8.718,,0.0,4796.0,117.0,-117.0,0.0,1.1,0.2,-0.2,0.0,14.7,2.8,-2.8,0.0,2014-05-14,McDonald Observatory
50,50,Scheat,0196,2.1,95,"1,500",BD+20 2457,b,bd+20 2457 b,Radial Velocity,0,2,379.63,2.0,-2.0,0.0,1.05,0.07,-0.07,0.0,0.15,0.0,,,,,55.59,78.55,-78.55,0.0,Msini,,,,,,,,,0,0,0,0,10h16m44.86s,154.18691,+19d53m29.1s,19.891409,1670.85,222.63,-222.63,0,1670.85,222.63,-222.63,0.0,9.75,,0.0,V (Johnson),9.227,,0.0,4259.0,64.0,-64.0,0.0,10.83,22.96,-22.96,0.0,71.02,73.63,-73.63,0.0,2018-09-06,McDonald Observatory
51,51,Almaaz,0653,15,140,"43,000",BD+20 2457,c,bd+20 2457 c,Radial Velocity,0,2,621.99,10.2,-10.2,0.0,2.01,,,0.0,0.18,0.0,,,,,12.47,,,0.0,Msini,,,,,,,,,0,0,0,0,10h16m44.86s,154.18691,+19d53m29.1s,19.891409,1670.85,222.63,-222.63,0,1670.85,222.63,-222.63,0.0,9.75,,0.0,V (Johnson),9.227,,0.0,4259.0,64.0,-64.0,0.0,10.83,22.96,-22.96,0.0,71.02,73.63,-73.63,0.0,2014-05-14,McDonald Observatory
52,52,Rasalgethi,0360,2.8,280,"8,300",BD+20 274,b,bd+20 274 b,Radial Velocity,0,1,578.2,5.4,-5.4,0.0,1.3,,,0.0,0.21,0.0,,,,,4.2,,,0.0,Msini,,,,,,,,,0,0,0,0,01h43m40.88s,25.920324,+21d00m19.1s,21.005314,1383.85,86.64,-86.64,0,1383.85,86.64,-86.64,0.0,9.36,,0.0,V (Johnson),8.916,,0.0,4296.0,10.0,-10.0,0.0,0.8,0.2,-0.2,0.0,17.3,0.9,-0.9,0.0,2015-09-18,McDonald Observatory
53,53,Tau Ceti,011.9,0.783,0.893,0.52,BD+20 594,b,bd+20 594 b,Transit,0,1,41.6855,0.003,-0.003,0.0,,,,,0.0,0.0,89.55,0.16,-0.16,0.0,0.07,0.03,-0.03,0.0,Mass,0.23,0.01,-0.01,0.0,,,,,0,0,1,1,03h34m36.23s,53.650967,+20d35m57.2s,20.599232,180.39,1.25,-1.25,0,180.39,1.25,-1.25,0.0,11.038,0.047,0.0,V (Johnson),10.864,,0.0,5766.0,99.0,-99.0,0.0,1.67,0.4,-0.4,0.0,1.08,0.06,-0.06,0.0,2018-04-26,K2
54,54,Delta Pavonis,019.92,0.991,1.22,1.22,BD+48 738,b,bd+48 738 b,Radial Velocity,0,1,392.6,5.5,-5.5,0.0,1.0,,,0.0,0.2,0.0,,,,,0.91,,,0.0,Msini,,,,,,,,,0,0,0,0,02h42m50.45s,40.710224,+49d35m13.1s,49.58696,892.17,44.78,-44.78,0,892.17,44.78,-44.78,0.0,9.14,,0.0,V (Johnson),8.656,,0.0,4414.0,15.0,-15.0,0.0,0.74,0.39,-0.39,0.0,11.0,1.0,-1.0,0.0,2015-08-13,McDonald Observatory
55,55,Ran,010.48,0.82,0.74,0.34,BD+48 740,b,bd+48 740 b,Radial Velocity,0,1,733.0,5.0,-8.0,0.0,1.7,0.1,-0.1,0.0,0.76,0.0,,,,,1.7,0.7,-0.7,0.0,Msini,,,,,,,,,0,0,0,0,02h42m58.22s,40.742569,+48d55m48.2s,48.930061,678.94,22.15,-22.15,0,678.94,22.15,-22.15,0.0,8.699,0.015,0.0,V (Johnson),8.264,,0.0,4534.0,8.0,-8.0,0.0,1.09,0.16,-0.16,0.0,10.33,1.81,-1.81,0.0,2018-02-01,Multiple Observatories
56,56,V382 Carinae,"08,900",20,485,"212,000",BD+49 828,b,bd+49 828 b,Radial Velocity,0,1,2590.0,300.0,-180.0,0.0,4.2,0.32,-0.2,0.0,0.35,0.0,,,,,1.6,0.4,-0.2,0.0,Msini,,,,,,,,,0,0,0,0,03h02m33.73s,45.640529,+49d43m48.0s,49.730011,447.59,7.79,-7.79,0,447.59,7.79,-7.79,0.0,9.38,0.02,0.0,V (Johnson),9.029,,0.0,4943.0,30.0,-30.0,0.0,1.52,0.22,-0.22,0.0,7.6,1.3,-1.3,0.0,2015-02-05,McDonald Observatory
57,57,Eta Carinae,"07,500",100,60–881,"5,000,000",BD-06 1339,b,bd-06 1339 b,Radial Velocity,0,2,3.8728,0.0004,-0.0004,0.0,0.0428,0.0007,-0.0007,0.0,0.0,0.0,,,,,0.027,0.004,-0.004,0.0,Msini,,,,,,,,,0,0,0,0,05h53m00.28s,88.251183,-05d59m41.4s,-5.994844,20.28,0.02,-0.02,0,20.28,0.02,-0.02,0.0,9.7,0.009,0.0,V (Johnson),9.107,,0.0,4324.0,100.0,-100.0,0.0,0.7,,,0.0,,,,,2014-05-14,La Silla Observatory
58,58,Delta Cephei,0887,4.5,44.5,"2,000",BD-06 1339,c,bd-06 1339 c,Radial Velocity,0,2,125.94,0.44,-0.44,0.0,0.435,0.007,-0.007,0.0,0.31,0.0,,,,,0.17,0.03,-0.03,0.0,Msini,,,,,,,,,0,0,0,0,05h53m00.28s,88.251183,-05d59m41.4s,-5.994844,20.28,0.02,-0.02,0,20.28,0.02,-0.02,0.0,9.7,0.009,0.0,V (Johnson),9.107,,0.0,4324.0,100.0,-100.0,0.0,0.7,,,0.0,,,,,2014-05-14,La Silla Observatory
59,59,Mu Cephei,"06,000",19.2,972,"135,000",BD-08 2823,b,bd-08 2823 b,Radial Velocity,0,2,5.6,0.02,-0.02,0.0,0.06,0.0,0.0,0.0,0.15,0.0,,,,,0.04,0.01,-0.01,0.0,Msini,,,,,,,,,0,0,0,0,10h00m47.72s,150.198837,-09d31m00.0s,-9.51668,41.38,0.07,-0.07,0,41.38,0.07,-0.07,0.0,9.88,0.043,0.0,V (Johnson),9.503,,0.0,4816.0,114.0,-114.0,0.0,0.5,0.26,-0.26,0.0,0.71,0.04,-0.04,0.0,2018-09-06,La Silla Observatory
60,60,Titawin,044.25,1.27,1.48,3.57,BD-08 2823,c,bd-08 2823 c,Radial Velocity,0,2,237.6,1.5,-1.5,0.0,0.68,0.02,-0.02,0.0,0.19,0.0,,,,,0.33,0.03,-0.03,0.0,Msini,,,,,,,,,0,0,0,0,10h00m47.72s,150.198837,-09d31m00.0s,-9.51668,41.38,0.07,-0.07,0,41.38,0.07,-0.07,0.0,9.88,0.043,0.0,V (Johnson),9.503,,0.0,4816.0,114.0,-114.0,0.0,0.5,0.26,-0.26,0.0,0.71,0.04,-0.04,0.0,2014-05-14,La Silla Observatory
61,61,Rho Cassiopeiae,"08,154",22,636-981,"347,000 - 530,000",BD-10 3166,b,bd-10 3166 b,Radial Velocity,0,1,3.48777,0.00011,-0.00011,0.0,0.04,0.0,0.0,0.0,0.02,0.0,,,,,0.59,0.07,-0.07,0.0,Msini,,,,,,,,,0,0,0,0,10h58m28.80s,164.620003,-10d46m13.4s,-10.770376,84.61,0.35,-0.35,0,84.61,0.35,-0.35,0.0,10.08,,0.0,V (Johnson),9.84,,0.0,5393.0,44.0,-44.0,0.0,1.47,0.24,-0.24,0.0,0.91,0.04,-0.04,0.0,2018-09-06,W. M. Keck Observatory
62,62,P Cygni,"05,545",30,76,"610,000",BD-11 4672,b,bd-11 4672 b,Radial Velocity,0,2,1634.0,13.0,-14.0,0.0,2.36,0.04,-0.04,0.0,0.05,0.0,,,,0.0,0.65,0.05,-0.06,0.0,Msini,,,,0.0,,,,0.0,0,0,0,0,18h33m28.84s,278.370148,-11d38m09.7s,-11.636039,27.3,,,0,27.19,0.03,-0.03,0.0,9.99,,0.0,V (Johnson),9.485,,0.0,4550.0,110.0,-110.0,0.0,0.65,0.03,-0.03,0.0,0.64,0.02,-0.02,0.0,2020-07-23,La Silla Observatory
63,63,La Superba,"01,000",,129 - 342,"2,472 - 5,800",BD-11 4672,c,bd-11 4672 c,Radial Velocity,0,2,74.2,0.06,-0.08,0.0,0.3,0.01,-0.01,0.0,0.4,0.0,,,,0.0,0.04836,0.00934,-0.00884,0.0,Msini,,,,0.0,,,,0.0,0,0,0,0,18h33m28.84s,278.370148,-11d38m09.7s,-11.636039,27.3,,,0,27.19,0.03,-0.03,0.0,9.99,,0.0,V (Johnson),9.485,,0.0,4550.0,110.0,-110.0,0.0,0.65,0.03,-0.03,0.0,0.64,0.02,-0.02,0.0,2020-07-23,Roque de los Muchachos Observatory
64,64,VV Cephei,"04,900",18.2,"516 - 1,050","200,000",BD-13 2130,b,bd-13 2130 b,Radial Velocity,0,1,714.29999,5.3,-5.3,0.0,1.66,0.12,-0.12,0.0,0.21,0.0,,,,,9.78,4.56,-4.56,0.0,Msini,,,,,,,,,0,0,0,0,07h37m09.23s,114.288458,-13d54m23.9s,-13.906639,948.75,42.93,-42.93,0,948.75,42.93,-42.93,0.0,9.45,,0.0,V (Johnson),9.7,,0.0,4545.0,71.0,-71.0,0.0,2.12,1.47,-1.47,0.0,19.17,4.96,-4.96,0.0,2018-09-06,La Silla Observatory
65,65,61 Cygni,011.41,0.7,0.665,0.153,BD-17 63,b,bd-17 63 b,Radial Velocity,0,1,655.6,0.6,-0.6,0.0,1.34,0.02,-0.02,0.0,0.54,0.0,,,,,5.1,0.12,-0.12,0.0,Msini,,,,,,,,,0,0,0,0,00h28m34.31s,7.142942,-16d13m34.8s,-16.226345,34.49,0.09,-0.09,0,34.49,0.09,-0.09,0.0,9.566,0.024,0.0,V (Johnson),9.201,,0.0,4714.0,93.0,-93.0,0.0,0.74,0.03,-0.03,0.0,0.69,,,0.0,2014-05-14,La Silla Observatory
66,66,R Doradus,0178,0.7 - 1.0,298,"4,350",bet Cnc,b,bet cnc b,Radial Velocity,0,1,605.2,4.0,-4.0,0.0,1.7,0.1,-0.1,0.0,0.08,0.0,,,,,7.8,0.8,-0.8,0.0,Msini,,,,,,,,,0,0,0,0,08h16m30.92s,124.128838,+09d11m08.0s,9.185545,90.54,5.38,-5.38,0,90.54,5.38,-5.38,0.0,3.53,,0.0,V (Johnson),2.927,,0.0,4092.1,17.5,-17.5,0.0,1.7,0.1,-0.1,0.0,47.2,1.3,-1.3,0.0,2014-05-14,Bohyunsan Optical Astronomical Observatory
67,67,Polaris Australis,0281,1.59,3.74,38,bet Pic,b,bet pic b,Imaging,0,2,7665.0,7300.0,-730.0,0.0,9.1,5.3,-0.5,0.0,0.08,0.0,88.9,0.7,-0.7,0.0,,,,,,,,,,,,,,0,0,0,2,05h47m17.09s,86.821198,-51d03m59.4s,-51.066513,19.75,0.13,-0.13,0,19.75,0.13,-0.13,0.0,3.85,,0.0,V (Johnson),3.725,,0.0,,,,,1.76,0.18,-0.17,0.0,,,,,2015-08-13,Paranal Observatory
68,68,R Coronae Borealis,"04,566",0.85,85,"10,000",bet Pic,c,bet pic c,Radial Velocity,0,2,1200.0,,,0.0,2.7,,,0.0,0.24,0.0,90.0,,,0.0,9.0,,,0.0,Mass,,,,,,,,,0,0,0,0,05h47m17.09s,86.821198,-51d03m59.4s,-51.066513,19.75,0.13,-0.13,0,19.75,0.13,-0.13,0.0,3.85,,0.0,V (Johnson),3.725,,0.0,,,,,1.76,0.18,-0.17,0.0,,,,,2019-08-29,La Silla Observatory
69,69,54 Piscium,036.1,0.76,0.94,0.52,bet UMi,b,bet umi b,Radial Velocity,0,1,522.3,2.7,-2.7,0.0,1.4,0.1,-0.1,0.0,0.19,0.0,,,,,6.1,1.0,-1.0,0.0,Msini,,,,,,,,,0,0,0,0,14h50m42.33s,222.676361,+74d09m19.8s,74.155502,38.78,0.77,-0.8,0,,,,,2.08,,0.0,V (Johnson),,,,4126.0,25.0,-25.0,0.0,1.4,0.2,-0.2,0.0,38.3,1.1,-1.1,0.0,2014-05-14,Bohyunsan Optical Astronomical Observatory
70,70,Mira,0300,1.2,370,"9,000",CFBDSIR J145829+101343,b,cfbdsir j145829+101343 b,Imaging,0,1,10037.5,2737.5,-2737.5,0.0,2.6,0.3,-0.3,0.0,,,,,,,10.5,4.5,-4.5,0.0,Mass,,,,,,,,,0,0,0,1,14h58m29.00s,224.620833,+10d13m43.0s,10.228611,23.1,2.4,-2.4,0,,,,,,,,,,,,580.5,24.5,-24.5,0.0,0.02,0.01,-0.01,0.0,,,,,2014-05-14,W. M. Keck Observatory
71,71,RW Cephei,"014,000",13.9,"1,158","417,000",CHXR 73,b,chxr 73 b,Imaging,0,1,,,,,210.0,,,0.0,,,,,,,12.569,8.379,-5.237,0.0,Mass,,,,,,,,,0,0,0,0,11h06m28.77s,166.619893,-77d37m33.2s,-77.625877,191.05,6.42,-6.42,0,191.05,6.42,-6.42,0.0,,,,,17.293,,0.0,,,,,0.35,,,0.0,,,,,2014-05-14,Hubble Space Telescope
72,72,Lacaille 8760,012.87,0.6,0.51,0.072,CI Tau,b,ci tau b,Radial Velocity,0,1,8.9891,0.0202,-0.0202,0.0,,,,,0.25,0.0,50.5,6.3,-8.5,0.0,11.6,2.9,-2.7,0.0,Mass,,,,,,,,,0,0,0,0,04h33m52.01s,68.466728,+22d50m30.1s,22.841696,158.0,1.2,-1.2,0,158.71,1.19,-1.19,0.0,12.939,0.031,0.0,V (Johnson),12.145,,0.0,,,,,0.9,0.02,-0.02,0.0,,,,,2019-06-27,Multiple Observatories
73,73,V838 Monocerotis,"019,896",?,380 - 750,"15,000",CoRoT-1,b,corot-1 b,Transit,0,1,1.5089557,6.4e-06,-6.4e-06,0.0,,,,,0.0,0.0,85.1,0.5,-0.5,0.0,1.03,0.12,-0.12,0.0,Mass,1.49,0.08,-0.08,0.0,0.38,0.05,-0.05,0.0,0,0,0,0,06h48m19.17s,102.079885,-03d06m07.7s,-3.102147,805.31,24.33,-24.33,0,805.31,24.33,-24.33,0.0,13.6,,0.0,V (Johnson),13.457,,0.0,5950.0,150.0,-150.0,0.0,0.95,0.15,-0.15,0.0,1.11,0.05,-0.05,0.0,2014-05-14,CoRoT
74,74,HD 140283,0190,?,1.4,3.83,CoRoT-10,b,corot-10 b,Transit,0,1,13.2406,0.0002,-0.0002,0.0,0.1055,0.0021,-0.0021,0.0,0.53,0.0,88.55,0.2,-0.2,0.0,2.75,0.16,-0.16,0.0,Mass,0.97,0.07,-0.07,0.0,3.7,0.83,-0.83,0.0,0,0,0,0,19h24m15.29s,291.063708,+00d44m46.1s,0.746143,345.0,70.0,-70.0,0,341.65,4.03,-4.03,0.0,15.22,0.05,0.0,V (Johnson),14.665,,0.0,5075.0,75.0,-75.0,0.0,0.89,0.05,-0.05,0.0,0.79,0.05,-0.05,0.0,2014-05-14,CoRoT
75,75,II Pegasi,0130,0.8,3.4,1.06,CoRoT-11,b,corot-11 b,Transit,0,1,2.99433,1.1e-05,-1.1e-05,0.0,0.0436,0.005,-0.005,0.0,0.0,0.0,83.17,0.15,-0.15,0.0,2.33,0.34,-0.34,0.0,Mass,1.43,0.03,-0.03,0.0,0.99,0.15,-0.15,0.0,0,0,0,0,18h42m44.94s,280.687263,+05d56m15.7s,5.937688,560.0,30.0,-30.0,0,666.35,24.68,-24.68,0.0,12.939,0.019,0.0,V (Johnson),12.841,,0.0,6440.0,120.0,-120.0,0.0,1.27,0.05,-0.05,0.0,1.37,0.03,-0.03,0.0,2014-05-14,CoRoT
76,76,VY Canis Majoris,"03,900",17,"1,420","178,000 - 270,000",CoRoT-12,b,corot-12 b,Transit,0,1,2.828042,1.3e-05,-1.3e-05,0.0,0.04016,0.00093,-0.00092,0.0,0.07,0.0,85.48,0.72,-0.77,0.0,0.917,0.07,-0.065,0.0,Mass,1.44,0.13,-0.13,0.0,0.411,0.129,-0.094,0.0,0,0,0,0,06h43m03.76s,100.765677,-01d17m47.2s,-1.296439,1150.0,85.0,-85.0,0,1161.12,57.69,-57.69,0.0,15.515,0.052,0.0,V (Johnson),15.345,,0.0,5675.0,80.0,-80.0,0.0,1.08,0.08,-0.07,0.0,1.12,0.1,-0.09,0.0,2014-05-14,CoRoT
77,77,Pistol Star,"025,000",100,320,"1,700,000",CoRoT-13,b,corot-13 b,Transit,0,1,4.03519,3e-05,-3e-05,0.0,0.051,0.0031,-0.0031,0.0,0.0,0.0,88.02,0.34,-0.36,0.0,1.308,0.066,-0.066,0.0,Mass,0.885,0.014,-0.014,0.0,2.34,0.23,-0.23,0.0,0,0,0,0,06h50m53.07s,102.721137,-05d05m11.2s,-5.086445,1060.0,100.0,-100.0,0,1184.91,61.25,-61.25,0.0,15.039,0.041,0.0,V (Johnson),14.915,,0.0,5945.0,90.0,-90.0,0.0,1.09,0.02,-0.02,0.0,1.01,0.03,-0.03,0.0,2014-05-14,CoRoT
78,78,S Doradus,"0169,000",24,380,"910,000",CoRoT-14,b,corot-14 b,Transit,0,1,1.51214,0.00013,-0.00013,0.0,0.027,0.002,-0.002,0.0,0.0,0.0,79.6,0.8,-0.8,0.0,7.6,0.6,-0.6,0.0,Mass,1.09,0.07,-0.07,0.0,7.3,1.5,-1.5,0.0,0,0,0,0,06h53m41.81s,103.424211,-05d32m09.7s,-5.536037,1340.0,110.0,-110.0,0,1826.96,166.6,-166.6,0.0,16.033,0.07,0.0,V (Johnson),15.812,,0.0,6035.0,100.0,-100.0,0.0,1.13,0.09,-0.09,0.0,1.21,0.08,-0.08,0.0,2014-05-14,CoRoT
79,79,UY Scuti,"05,100",7–10,755,"86,300 - 87,100",CoRoT-16,b,corot-16 b,Transit,0,1,5.35227,0.0002,-0.0002,0.0,0.0618,0.0015,-0.0015,0.0,0.33,0.0,85.01,0.94,-1.2,0.0,0.535,0.085,-0.083,0.0,Mass,1.17,0.16,-0.14,0.0,0.44,0.21,-0.14,0.0,0,0,0,0,18h34m05.93s,278.524691,-06d00m09.3s,-6.002595,840.0,90.0,-90.0,0,745.96,34.71,-34.71,0.0,15.63,,0.0,V (Johnson),15.651,,0.0,5650.0,100.0,-100.0,0.0,1.1,0.08,-0.08,0.0,1.19,0.14,-0.13,0.0,2014-05-14,CoRoT
80,80,Barnard's Star,05.98,0.14,0.20,0.0035,CoRoT-17,b,corot-17 b,Transit,0,1,3.7681,0.0003,-0.0003,0.0,0.0461,0.0008,-0.0008,0.0,0.0,0.0,88.34,1.54,-1.54,0.0,2.43,0.3,-0.3,0.0,Mass,1.02,0.07,-0.07,0.0,2.82,0.38,-0.38,0.0,0,0,0,0,18h34m47.82s,278.699254,-06d36m44.0s,-6.612234,920.0,50.0,-50.0,0,1214.51,57.74,-57.74,0.0,15.46,,0.0,V (Johnson),15.437,,0.0,5740.0,80.0,-80.0,0.0,1.04,0.1,-0.1,0.0,1.59,0.07,-0.07,0.0,2014-05-14,CoRoT
81,81,Luhman 16,06.52,0.04,?,?,CoRoT-18,b,corot-18 b,Transit,0,1,1.9000693,2.8e-06,-2.8e-06,0.0,0.0295,0.0016,-0.0016,0.0,0.08,1.0,86.5,1.4,-0.9,0.0,3.47,0.38,-0.38,0.0,Mass,1.31,0.18,-0.18,0.0,2.2,0.8,-0.8,0.0,0,0,0,0,06h32m41.38s,98.17241,-00d01m53.7s,-0.031586,870.0,90.0,-90.0,0,780.87,27.57,-27.57,0.0,15.0,0.1,0.0,V (Johnson),14.801,,0.0,5440.0,100.0,-100.0,0.0,0.95,0.15,-0.15,0.0,1.0,0.13,-0.13,0.0,2014-05-14,CoRoT
82,82,Proxima Centauri,04.25,0.12,0.15,0.0017,CoRoT-19,b,corot-19 b,Transit,0,1,3.89713,2e-05,-2e-05,0.0,0.0518,0.0008,-0.0008,0.0,0.047,0.0,88.0,0.7,-0.7,0.0,1.11,0.06,-0.06,0.0,Mass,1.29,0.03,-0.03,0.0,0.71,0.06,-0.06,0.0,0,0,0,0,06h28m08.06s,97.033582,-00d10m14.5s,-0.170681,770.0,160.0,-160.0,0,807.99,26.81,-26.81,0.0,14.007,,0.0,V (Johnson),13.783,,0.0,6090.0,70.0,-70.0,0.0,1.21,0.05,-0.05,0.0,1.65,0.04,-0.04,0.0,2014-05-14,CoRoT
83,83,KIC 8462852,"01,470",1.43,1.58,4.68,CoRoT-2,b,corot-2 b,Transit,0,1,1.7429935,1e-06,-1e-06,0.0,0.02798,0.00076,-0.0008,0.0,0.0143,0.0,88.08,0.18,-0.16,0.0,3.47,0.22,-0.22,0.0,Mass,1.466,0.042,-0.044,0.0,1.47,0.08,-0.074,0.0,1,0,0,2,19h27m06.49s,291.777056,+01d23m01.4s,1.383714,200.0,,,0,214.56,2.47,-2.47,0.0,12.57,,0.0,V (Johnson),12.249,,0.0,5625.0,120.0,-120.0,0.0,0.96,0.08,-0.08,0.0,0.91,0.03,-0.03,0.0,2014-05-14,CoRoT
84,84,R136a1,"0163,000",290,32,"8,710,000",CoRoT-20,b,corot-20 b,Transit,0,2,9.24285,0.0003,-0.0003,0.0,0.09,0.002,-0.002,0.0,0.59,0.0,88.21,0.53,-0.53,0.0,4.3,0.2,-0.2,0.0,Mass,,,,,,,,,0,0,0,1,06h30m52.90s,97.720408,+00d13m36.9s,0.226919,864.31,24.46,-24.46,0,864.31,24.46,-24.46,0.0,14.66,,0.0,V (Johnson),14.469,,0.0,,,,,1.14,0.08,-0.08,0.0,,,,,2018-07-19,CoRoT
85,85,Melnick 42,"0163,000",189,21.1,"3,600,000",CoRoT-20,c,corot-20 c,Radial Velocity,0,2,1675.0,19.0,-17.0,0.0,2.9,0.07,-0.07,0.0,0.6,0.0,,,,,17.0,1.0,-1.0,0.0,Msini,,,,,,,,,0,0,0,0,06h30m52.90s,97.720408,+00d13m36.9s,0.226919,864.31,24.46,-24.46,0,864.31,24.46,-24.46,0.0,14.66,,0.0,V (Johnson),14.469,,0.0,,,,,1.14,0.08,-0.08,0.0,,,,,2018-07-19,Multiple Observatories
86,86,WR 102,"018,134",19,0.39,"282,000",CoRoT-21,b,corot-21 b,Transit,0,1,2.72474,0.00014,-0.00014,0.0,0.0417,0.0011,-0.0011,0.0,0.0,0.0,86.8,2.1,-2.1,0.0,2.26,0.31,-0.31,0.0,Mass,1.3,0.14,-0.14,0.0,1.36,0.48,-0.48,0.0,0,0,0,0,06h44m12.588s,101.05245,-00d17m56.868s,-0.29913,1398.83,286.45,-286.45,0,1398.83,286.45,-286.45,0.0,16.0,,0.0,V (Johnson),15.856,,0.0,6200.0,100.0,-100.0,0.0,1.29,0.09,-0.09,0.0,1.95,0.21,-0.21,0.0,2018-12-06,CoRoT
87,87,VFTS 352,"0164,000",57.48,14.47,"330,000",CoRoT-22,b,corot-22 b,Transit,0,1,9.75598,0.00011,-0.00011,0.0,0.092,0.0014,-0.0014,0.0,0.077,0.0,89.749,0.032,-0.9,0.0,0.038,0.044,-0.028,0.0,Mass,0.435,0.015,-0.035,0.0,0.249,1.0,-0.097,0.0,0,0,0,0,18h42m40.11s,280.667115,+06d13m08.9s,6.219136,592.0,25.0,-42.0,0,638.47,11.31,-11.31,0.0,13.944,0.083,0.0,V (Johnson),13.73,,0.0,5939.0,54.0,-120.0,0.0,1.1,0.05,-0.05,0.0,1.14,0.04,-0.09,0.0,2014-08-21,CoRoT
88,88,YBP 1194,"02,772",1.01,0.99,0.98,CoRoT-23,b,corot-23 b,Transit,0,1,3.6313,0.0001,-0.0001,0.0,0.048,0.004,-0.004,0.0,0.16,0.0,85.7,2.6,-1.5,0.0,2.8,0.3,-0.3,0.0,Mass,1.05,0.13,-0.13,0.0,3.0,1.1,-1.1,0.0,0,0,0,0,18h39m07.83s,279.782615,+04d21m28.1s,4.357806,600.0,50.0,-50.0,0,1092.4,45.9,-45.9,0.0,15.63,0.07,0.0,V (Johnson),15.068,,0.0,5900.0,100.0,-100.0,0.0,1.14,0.08,-0.08,0.0,1.61,0.18,-0.18,0.0,2014-05-14,CoRoT
89,89,Gliese 1214,047.5,0.16,0.21,0.0033,CoRoT-24,b,corot-24 b,Transit,0,2,5.1134,0.0006,-0.0006,0.0,0.056,0.002,-0.002,0.0,0.0,0.0,86.5,2.0,-2.0,0.0,0.018,,,1.0,Mass,0.33,0.04,-0.04,0.0,0.9,,,1.0,0,0,0,0,06h47m41.41s,101.922547,-03d43m09.5s,-3.719301,600.0,70.0,-70.0,0,601.22,16.02,-16.02,0.0,,,,,15.18,,0.0,4950.0,150.0,-150.0,0.0,0.91,0.09,-0.09,0.0,0.86,0.09,-0.09,0.0,2018-05-31,CoRoT
90,90,NML Cygni,"05,251",50,"1,640 - 2,770","229,000",CoRoT-24,c,corot-24 c,Transit,0,2,11.759,0.0063,-0.0063,0.0,0.098,0.003,-0.003,0.0,0.0,0.0,89.0,1.0,-1.6,0.0,0.088,0.035,-0.035,0.0,Mass,0.44,0.04,-0.04,0.0,1.3,0.5,-0.4,0.0,0,0,0,0,06h47m41.41s,101.922547,-03d43m09.5s,-3.719301,600.0,70.0,-70.0,0,601.22,16.02,-16.02,0.0,,,,,15.18,,0.0,4950.0,150.0,-150.0,0.0,0.91,0.09,-0.09,0.0,0.86,0.09,-0.09,0.0,2014-06-11,CoRoT
91,91,VB 10,018.72,0.075,0.10,0.0004,CoRoT-25,b,corot-25 b,Transit,0,1,4.86069,6e-05,-6e-05,0.0,0.0578,0.002,-0.0009,0.0,0.0,0.0,84.5,0.8,-0.3,0.0,0.27,0.04,-0.04,0.0,Mass,1.08,0.3,-0.1,0.0,0.15,0.15,-0.06,0.0,0,0,0,0,18h42m31.12s,280.629662,+06d30m49.8s,6.513829,1000.0,85.0,-25.0,0,1137.85,44.95,-44.95,0.0,,,,,14.711,,0.0,6040.0,90.0,-90.0,0.0,1.09,0.11,-0.05,0.0,1.19,0.14,-0.03,0.0,2014-05-14,CoRoT
92,92,WOH G64,"0163,000",<20,"1,540 - 1,730","340-589,000",CoRoT-26,b,corot-26 b,Transit,0,1,4.20474,5e-05,-5e-05,0.0,0.0526,0.001,-0.001,0.0,0.0,0.0,86.8,2.2,-1.0,0.0,0.52,0.05,-0.05,0.0,Mass,1.26,0.13,-0.07,0.0,0.28,0.09,-0.07,0.0,0,0,0,0,18h39m00.12s,279.750514,+06d58m11.2s,6.969787,1670.0,205.0,-110.0,0,,,,,,,,,15.468,,0.0,5590.0,100.0,-100.0,0.0,1.09,0.06,-0.06,0.0,1.79,0.18,-0.09,0.0,2014-05-14,CoRoT
93,93,TRAPPIST-1,039.6,0.089,0.12,0.0005,CoRoT-27,b,corot-27 b,Transit,0,1,3.57532,6e-05,-6e-05,0.0,0.0476,0.0066,-0.0066,0.0,0.065,1.0,86.7,1.2,-0.87,0.0,10.39,0.55,-0.55,0.0,Mass,1.007,0.044,-0.044,0.0,12.6,1.92,-1.67,0.0,0,0,0,0,18h33m59.00s,278.495813,+05d32m18.5s,5.538462,1035.15,66.44,-66.44,0,1035.15,66.44,-66.44,0.0,15.54,,0.0,V (Johnson),15.39,,0.0,5900.0,120.0,-120.0,0.0,1.05,0.11,-0.11,0.0,1.08,0.18,-0.06,0.0,2014-05-14,CoRoT
94,94,2MASS J0523-1403,040.3,0.07,0.086,0.00013,CoRoT-28,b,corot-28 b,Transit,0,1,5.20851,0.00038,-0.00038,0.0,0.0603,0.005,-0.005,0.0,0.047,0.0,88.1,0.8,-0.8,0.0,0.484,0.087,-0.087,0.0,Mass,0.955,0.066,-0.066,0.0,0.69,0.27,-0.27,0.0,0,0,0,0,18h34m45.20s,278.688338,+05d34m25.4s,5.57373,560.0,70.0,-70.0,0,783.18,14.95,-14.95,0.0,,,,,13.412,,0.0,5150.0,100.0,-100.0,0.0,1.01,0.14,-0.14,0.0,1.78,0.11,-0.11,0.0,2015-04-16,CoRoT
95,95,WISE 0855−0714,07.27,0.003,?,?,CoRoT-29,b,corot-29 b,Transit,0,1,2.85057,6e-06,-6e-06,0.0,0.0386,0.0059,-0.0059,0.0,0.082,0.0,87.3,2.7,-2.7,0.0,0.85,0.2,-0.2,0.0,Mass,0.9,0.16,-0.16,0.0,1.45,0.74,-0.74,0.0,0,0,0,0,18h35m36.50s,278.902103,+06d28m46.7s,6.479651,765.0,50.0,-50.0,0,822.62,42.4,-42.4,0.0,,,,,15.239,,0.0,5260.0,100.0,-100.0,0.0,0.97,0.14,-0.14,0.0,0.9,0.12,-0.12,0.0,2015-04-16,CoRoT
96,96,Icarus,"014,400,000,000",33,?,"850,000",CoRoT-3,b,corot-3 b,Transit,0,1,4.2568,5e-06,-5e-06,0.0,,,,,0.0,0.0,85.9,0.8,-0.8,0.0,21.66,1.0,-1.0,0.0,Mass,1.01,0.07,-0.07,0.0,26.4,5.6,-5.6,0.0,0,0,0,0,19h28m13.26s,292.055263,+00d07m18.6s,0.12182,680.0,160.0,-160.0,0,784.49,30.6,-30.6,0.0,13.292,0.02,0.0,V (Johnson),13.219,,0.0,6740.0,140.0,-140.0,0.0,1.37,0.09,-0.09,0.0,1.56,0.09,-0.09,0.0,2014-05-14,CoRoT
